appId,icon,title,score,genre,price,free,currency,video,videoImage,description,descriptionHTML,developer,installs
com.weather.Weather,https://play-lh.googleusercontent.com/RV3DftXlA7WUV7w-BpE8zM0X7Y4RQd2vBvZVv6A01DEGb_eXFRjLmUhSqdbqrEl9klI,The Weather Channel - Radar,4.515108,Weather,0,True,USD,,,"The Weather Channel is the World's Most Accurate Forecaster*. Prepare for rain, hurricane, and allergy season with our local rain radar and real-time notifications to keep you informed and safe. Get the latest forecasts alongside storm and hurricane tracker features that help prepare for storms and heavy rain. Get storm warnings and severe weather alerts for rain, snow, and more. The Weather Channel provides everything you need to stay one step ahead – real-time alerts, 24-hour future radar, hourly rain tracker, storm radar news, and local weather forecast.

Get live hurricane maps, rain radar updates, accurate local weather alerts, allergy tracker, and activities forecasts in a complete weather app. Get severe weather alerts for heavy rain, snow and more thanks to reliable storm radar features. The Weather Channel provides seamless hurricane preparedness with weather alerts and your very own local forecast for even the most severe weather.

Our daily forecast tracker provides up-to-date precipitation info so you can plan confidently. Enjoy an up to 15-day forecast from the world’s most accurate weather forecaster*. Monitor our air quality index to stay updated during t=his wildfire & allergy season. Our live Doppler radar updates your weather widget and alerts you to forecast changes right on your home screen. Local weather maps provide live rain radar readings, storm radar alerts, and hurricane warnings, and more to help you face whatever the clouds may bring.

The Weather Channel Features:

Weather Tracker & Storm Radar:
- Rain radar & storm tracker
- Allergy tracker
- 24-Hour Future Radar
- Storm radar alerts keep you informed
- Rain or shine – our local weather radar & weather alerts helps plan outdoor activities with ease
- Adjust today’s outfit with the ‘Feels Like’ feature
- Forecast updates hourly & daily so you can confidently plan ahead

Severe Weather Features:
- Live radar & weather alerts let you follow weather patterns
- Hurricane maps help track incoming storms and severe weather
- Get a storm radar and local weather alerts for rain, snow, and other inclement weather conditions
- Forecast alerts for the next 3 hours – available right on your home screen

Additional Features:
- Weather widget & features compatible with dark mode
- Forecast details with sunset times, allergies, & pollen
- Monitor our air quality index
- Get the latest local weather news

---
Get The Weather Channel Premium for our most comprehensive, dynamic, and precise weather experience for exclusive access to:
- Ad-free weather 
- 15-minute forecast details
- Advanced radar
- & more!

Privacy & Feedback
- Our Privacy Policy can be viewed here: https://weather.com/en-US/twc/privacy-policy
- Our Terms of Use can be viewed here:http://www.weather.com/common/home/legal.html
- If you have any questions or suggestions, please get in touch at android.support@weather.com

*The Weather Channel is the World's Most Accurate Forecaster.
ForecastWatch, Global and Regional Weather Forecast Accuracy Overview, 2017-2022, https://forecastwatch.com/AccuracyOverview2017-2022, commissioned by The Weather Company.

**The Weather Channel is the Most Trusted News Source In America. 
According to a YouGov 2024 Trust in Media poll: https://today.yougov.com/politics/articles/49552-trust-in-media-2024-which-news-outlets-americans-trust

***The World's Leading Weather Provider: According to Comscore, The Weather Company, parent of The Weather Channel, is the largest provider of weather forecasts worldwide based on total monthly unique visitors in 2020. Comscore Media Metrix®, Worldwide Rollup Media Trend, News/Information – Weather category incl. [P] Weather Company, The and [M] Weather Channel, The, Jan-Dec. 2020 avg.","The Weather Channel is the World&#39;s Most Accurate Forecaster*. Prepare for rain, hurricane, and allergy season with our local rain radar and real-time notifications to keep you informed and safe. Get the latest forecasts alongside storm and hurricane tracker features that help prepare for storms and heavy rain. Get storm warnings and severe weather alerts for rain, snow, and more. The Weather Channel provides everything you need to stay one step ahead – real-time alerts, 24-hour future radar, hourly rain tracker, storm radar news, and local weather forecast.<br><br>Get live hurricane maps, rain radar updates, accurate local weather alerts, allergy tracker, and activities forecasts in a complete weather app. Get severe weather alerts for heavy rain, snow and more thanks to reliable storm radar features. The Weather Channel provides seamless hurricane preparedness with weather alerts and your very own local forecast for even the most severe weather.<br><br>Our daily forecast tracker provides up-to-date precipitation info so you can plan confidently. Enjoy an up to 15-day forecast from the world’s most accurate weather forecaster*. Monitor our air quality index to stay updated during t=his wildfire &amp; allergy season. Our live Doppler radar updates your weather widget and alerts you to forecast changes right on your home screen. Local weather maps provide live rain radar readings, storm radar alerts, and hurricane warnings, and more to help you face whatever the clouds may bring.<br><br>The Weather Channel Features:<br><br>Weather Tracker &amp; Storm Radar:<br>- Rain radar &amp; storm tracker<br>- Allergy tracker<br>- 24-Hour Future Radar<br>- Storm radar alerts keep you informed<br>- Rain or shine – our local weather radar &amp; weather alerts helps plan outdoor activities with ease<br>- Adjust today’s outfit with the ‘Feels Like’ feature<br>- Forecast updates hourly &amp; daily so you can confidently plan ahead<br><br>Severe Weather Features:<br>- Live radar &amp; weather alerts let you follow weather patterns<br>- Hurricane maps help track incoming storms and severe weather<br>- Get a storm radar and local weather alerts for rain, snow, and other inclement weather conditions<br>- Forecast alerts for the next 3 hours – available right on your home screen<br><br>Additional Features:<br>- Weather widget &amp; features compatible with dark mode<br>- Forecast details with sunset times, allergies, &amp; pollen<br>- Monitor our air quality index<br>- Get the latest local weather news<br><br>---<br>Get The Weather Channel Premium for our most comprehensive, dynamic, and precise weather experience for exclusive access to:<br>- Ad-free weather <br>- 15-minute forecast details<br>- Advanced radar<br>- &amp; more!<br><br>Privacy &amp; Feedback<br>- Our Privacy Policy can be viewed here: https://weather.com/en-US/twc/privacy-policy<br>- Our Terms of Use can be viewed here:http://www.weather.com/common/home/legal.html<br>- If you have any questions or suggestions, please get in touch at android.support@weather.com<br><br>*The Weather Channel is the World&#39;s Most Accurate Forecaster.<br>ForecastWatch, Global and Regional Weather Forecast Accuracy Overview, 2017-2022, https://forecastwatch.com/AccuracyOverview2017-2022, commissioned by The Weather Company.<br><br>**The Weather Channel is the Most Trusted News Source In America. <br>According to a YouGov 2024 Trust in Media poll: https://today.yougov.com/politics/articles/49552-trust-in-media-2024-which-news-outlets-americans-trust<br><br>***The World&#39;s Leading Weather Provider: According to Comscore, The Weather Company, parent of The Weather Channel, is the largest provider of weather forecasts worldwide based on total monthly unique visitors in 2020. Comscore Media Metrix®, Worldwide Rollup Media Trend, News/Information – Weather category incl. [P] Weather Company, The and [M] Weather Channel, The, Jan-Dec. 2020 avg.",The Weather Channel,"100,000,000+"
com.accuweather.android,https://play-lh.googleusercontent.com/EgDT3XrIaJbhZjINCWsiqjzonzqve7LgAbim8kHXWgg6fZnQebqIWjE6UcGahJ6yugU,AccuWeather: Weather Radar,3.484925,Weather,0,True,USD,,,"<h1><b>AccuWeather’s trusted free weather forecast app is at your fingertips</b></h1> 
Internationally recognized by the World Meteorological Organization with awards for “Best User Interface and Data Representation”, “Best Weather Warnings”, and “Best Design and Presentation of Information, User-Friendliness; Access and Customization” making AccuWeather one of the best weather apps! 

<b>Weather Forecasts You Can Depend On</b>
•  <b>Live weather forecasts</b> including MinuteCast® forecasts for Minute by Minute® precipitation updates
•  <b>Local weather</b> including severe weather alerts, temperature, precipitation, and allergy outlooks for your day 
•  <b>WinterCast™: winter weather forecasts</b> giving you advanced warnings of snowfall probabilities and accumulation
•  <b>Daily forecasts</b> include rain probability, cloud coverage, wind, live radar, air quality index, snowfall, and even UV index
•  <b>Advanced weather radar</b> gives you up to the minute views of storm tracking, snow, rain, ice, temperature changes, and much more
•  <b>RealFeel® & RealFeel Shade Temperature™ technology</b> helping you get a better sense of how the weather actually feels

<h2><b>Live weather with Weather Alerts</b></h2>
The AccuWeather forecasting and severe weather alerts you know and trust. From local weather updates to WinterCast snow alerts, get the weather forecast you can rely on. With in-depth weather news, forecast updates, free weather alerts, plus today’s forecast and much more. Find out what makes AccuWeather the best as a trusted, free weather app. It’s the weather tracker you need!

<h2><b>Advanced Weather Radar</b></h2>
Setting the standard for free weather radar:
•  The accurate weather radar you know from AccuWeather
•  Weather watches and warnings for your local area
•  RealVue™ and Enhanced RealVue™ satellite imagery looking at weather patterns from space
•  Weather radar views for water vapor, rainfall, sustained winds, and even storm surges
•  Timely tropical storm radar tracking to see where and when storms might hit
•  Current conditions maps shows temperature and RealFeel in and around your area
•  5-day precipitation outlook to see what rain, snow, and ice could be in your area
•  24-hour snowfall forecast shows detailed maps with snow accumulation and winter weather
•  Temperature contour maps show how the temperature will change over the next day

<h2><b>For over 10 years, the AccuWeather app has brought you the weather</b></h2>
Whether you're on the East Coast, Pacific Northwest, Southern Coast, or West Coast this free weather app can show you snow, wind, cold, rain and more! Stay prepared with our local weather and live forecasts. From extreme humidity, severe storms, allergy info, air quality index, snow storms, and ice alerts, get live updates that matter to you. Local weather forecasts are the AccuWeather specialty. 

<b>Our weather tracker & live radar gives you Superior Accuracy™</b>
Severe weather warnings, today’s temperature, free weather radar maps & more!

•  Get local forecasts and personalize the app depending on where you are in the world
•  Go beyond today’s weather and look 45 days ahead to ensure that you’re prepared for any weather
•  Try the MinuteCast feature for the most up to date live Minute by Minute weather forecast
•  Weather alerts, storm alerts, and more! Get trending videos from AccuWeather’s dedicated news team
•  Weather forecasting your way - a weather tracker that can filter and customize according to your preferences

Download the AccuWeather app today for free and enjoy award-winning Superior Accuracy in weather forecasting on your Android mobile, tablet, TV, and Wear OS. More than just a daily forecast, try the best weather app and get more from your forecast.","<h1><b>AccuWeather’s trusted free weather forecast app is at your fingertips</b></h1> <br>Internationally recognized by the World Meteorological Organization with awards for “Best User Interface and Data Representation”, “Best Weather Warnings”, and “Best Design and Presentation of Information, User-Friendliness; Access and Customization” making AccuWeather one of the best weather apps! <br><br><b>Weather Forecasts You Can Depend On</b><br>•  <b>Live weather forecasts</b> including MinuteCast® forecasts for Minute by Minute® precipitation updates<br>•  <b>Local weather</b> including severe weather alerts, temperature, precipitation, and allergy outlooks for your day <br>•  <b>WinterCast™: winter weather forecasts</b> giving you advanced warnings of snowfall probabilities and accumulation<br>•  <b>Daily forecasts</b> include rain probability, cloud coverage, wind, live radar, air quality index, snowfall, and even UV index<br>•  <b>Advanced weather radar</b> gives you up to the minute views of storm tracking, snow, rain, ice, temperature changes, and much more<br>•  <b>RealFeel® &amp; RealFeel Shade Temperature™ technology</b> helping you get a better sense of how the weather actually feels<br><br><h2><b>Live weather with Weather Alerts</b></h2><br>The AccuWeather forecasting and severe weather alerts you know and trust. From local weather updates to WinterCast snow alerts, get the weather forecast you can rely on. With in-depth weather news, forecast updates, free weather alerts, plus today’s forecast and much more. Find out what makes AccuWeather the best as a trusted, free weather app. It’s the weather tracker you need!<br><br><h2><b>Advanced Weather Radar</b></h2><br>Setting the standard for free weather radar:<br>•  The accurate weather radar you know from AccuWeather<br>•  Weather watches and warnings for your local area<br>•  RealVue™ and Enhanced RealVue™ satellite imagery looking at weather patterns from space<br>•  Weather radar views for water vapor, rainfall, sustained winds, and even storm surges<br>•  Timely tropical storm radar tracking to see where and when storms might hit<br>•  Current conditions maps shows temperature and RealFeel in and around your area<br>•  5-day precipitation outlook to see what rain, snow, and ice could be in your area<br>•  24-hour snowfall forecast shows detailed maps with snow accumulation and winter weather<br>•  Temperature contour maps show how the temperature will change over the next day<br><br><h2><b>For over 10 years, the AccuWeather app has brought you the weather</b></h2><br>Whether you&#39;re on the East Coast, Pacific Northwest, Southern Coast, or West Coast this free weather app can show you snow, wind, cold, rain and more! Stay prepared with our local weather and live forecasts. From extreme humidity, severe storms, allergy info, air quality index, snow storms, and ice alerts, get live updates that matter to you. Local weather forecasts are the AccuWeather specialty. <br><br><b>Our weather tracker &amp; live radar gives you Superior Accuracy™</b><br>Severe weather warnings, today’s temperature, free weather radar maps &amp; more!<br><br>•  Get local forecasts and personalize the app depending on where you are in the world<br>•  Go beyond today’s weather and look 45 days ahead to ensure that you’re prepared for any weather<br>•  Try the MinuteCast feature for the most up to date live Minute by Minute weather forecast<br>•  Weather alerts, storm alerts, and more! Get trending videos from AccuWeather’s dedicated news team<br>•  Weather forecasting your way - a weather tracker that can filter and customize according to your preferences<br><br>Download the AccuWeather app today for free and enjoy award-winning Superior Accuracy in weather forecasting on your Android mobile, tablet, TV, and Wear OS. More than just a daily forecast, try the best weather app and get more from your forecast.",AccuWeather,"100,000,000+"
com.weather.nold.forecast,https://play-lh.googleusercontent.com/7TsHPSAJ6v5v0iRSm8iDTNZQVB_KC1Hr3Etn7q63YLc_AlL2D0L1RT48MmXnBthVdf0,Live Weather: Weather Forecast,4.8325725,Weather,0,True,USD,,,"Esta é unha aplicación profesional de predición do tempo que é gratuíta.

A aplicación mostra con precisión as condicións meteorolóxicas actuais na súa localización exacta, en calquera lugar do mundo. Ofrece detalles actualizados sobre a temperatura, a choiva, a probabilidade de precipitación, a neve, o vento, as horas de sol, as horas de saída e posta do sol.

A PREVISIÓN TEMPORAL E O TEMPO EN VIVO ofrece a previsión meteorolóxica máis precisa e fiable. Tamén ofrece os indicadores meteorolóxicos máis precisos, como as horas de saída e posta do sol, humidade, índice UV, velocidade do vento, calidade do aire e precipitacións.

🌞Tempo en tempo real
- Mostra a temperatura actual, a temperatura real, a icona do tempo, a velocidade e dirección do vento, a temperatura máxima e mínima

🌞Alerta meteorolóxica en directo e desastres naturais
- Mostra a área afectada, a hora de inicio, a hora de finalización, o resumo de avisos, o texto de aviso e a fonte de datos. As diferentes cores de advertencia representan diferentes niveis.
- Proporciona avisos de vento forte, choiva intensa, tormenta de neve e treboadas

🌞 Detalles do tempo de hoxe
- Proporciona temperatura corporal, horas de saída e posta do sol, humidade, raios ultravioleta, visibilidade, choiva e orballo, altitude, cobertura de nubes.

🌞Previsión do tempo para as próximas 24/72 horas
- Ofrece unha previsión meteorolóxica detallada de 24 horas, incluídas as previsións meteorolóxicas por hora

🌞Previsión do tempo para os próximos 10/25 días
- Proporciona temperatura diaria, resumo do tempo, humidade, índice UV, probabilidade de chuvia/nevada/xeo, probabilidade de raios, dirección do vento/velocidade/nivel do vento e hora do amencer/solpor.

🌞Minuto de choiva durante 2 horas
- Usa Rain Tracker para mostrar as precipitacións e nevadas minuto a minuto, así como a precipitación e o espesor da neve durante as dúas próximas horas

🌞Índice de calidade do aire
- Ofrece niveis de calidade do aire e recomendacións de viaxe. Os índices específicos inclúen PM10, PM2,5, monóxido de carbono, dióxido de carbono, dióxido de xofre, ozono e niveles de calidade. Tamén ofrece explicacións e recomendacións para os distintos niveis do Índice de Calidade do Aire. Ademais, mostra o índice UV e a información do índice de pole.

🌞Unidade de información meteorolóxica e configuración de formato
- Permite aos usuarios configurar a súa temperatura preferida, precipitación, visibilidade, velocidade do vento, presión, sistema horario e formato de data

🌞Mapa de radar meteorolóxico en tempo real
- Mostra un mapa de radar mellorado que inclúe cuberta de nubes, sol, choiva, neve, saraiba, treboadas e áreas de raios. Esta función permítelle ver ao instante as condicións meteorolóxicas de varios lugares. Ademais, permítelle seguir o movemento das nubes, as frontes meteorolóxicas e as tormentas activas para ver se afectarán ou evitarán a súa localización.

🌞Xestión de localizacións
- Permite aos usuarios engadir e eliminar manualmente cidades, axustar a orde das cidades, configurar notificacións e widgets para cidades e predicións meteorolóxicas. Tamén permite aos usuarios gardar calquera localización e ver as condicións actuais de calquera número de localizacións globais á vez.

🌞Widget e reloxo do tempo
- Ofrece un widget meteorolóxico que mostra a temperatura, a hora e a data actuais na súa localización actual. Tamén mostra información meteorolóxica sinxela, predicións diarias e horarias e actualiza as condicións meteorolóxicas.

🌞Notificación de predición do tempo
- Envía a información meteorolóxica máis importante todos os días, para que poidas estar informado sobre as condicións meteorolóxicas detalladas durante todo o día.

🌞Modo de visualización
- Permite aos usuarios cambiar libremente entre o modo claro e escuro.

🌞Soporte para varios idiomas
- A aplicación ofrece soporte na aplicación para máis de 100 idiomas.","Esta é unha aplicación profesional de predición do tempo que é gratuíta.<br><br>A aplicación mostra con precisión as condicións meteorolóxicas actuais na súa localización exacta, en calquera lugar do mundo. Ofrece detalles actualizados sobre a temperatura, a choiva, a probabilidade de precipitación, a neve, o vento, as horas de sol, as horas de saída e posta do sol.<br><br>A PREVISIÓN TEMPORAL E O TEMPO EN VIVO ofrece a previsión meteorolóxica máis precisa e fiable. Tamén ofrece os indicadores meteorolóxicos máis precisos, como as horas de saída e posta do sol, humidade, índice UV, velocidade do vento, calidade do aire e precipitacións.<br><br>🌞Tempo en tempo real<br>- Mostra a temperatura actual, a temperatura real, a icona do tempo, a velocidade e dirección do vento, a temperatura máxima e mínima<br><br>🌞Alerta meteorolóxica en directo e desastres naturais<br>- Mostra a área afectada, a hora de inicio, a hora de finalización, o resumo de avisos, o texto de aviso e a fonte de datos. As diferentes cores de advertencia representan diferentes niveis.<br>- Proporciona avisos de vento forte, choiva intensa, tormenta de neve e treboadas<br><br>🌞 Detalles do tempo de hoxe<br>- Proporciona temperatura corporal, horas de saída e posta do sol, humidade, raios ultravioleta, visibilidade, choiva e orballo, altitude, cobertura de nubes.<br><br>🌞Previsión do tempo para as próximas 24/72 horas<br>- Ofrece unha previsión meteorolóxica detallada de 24 horas, incluídas as previsións meteorolóxicas por hora<br><br>🌞Previsión do tempo para os próximos 10/25 días<br>- Proporciona temperatura diaria, resumo do tempo, humidade, índice UV, probabilidade de chuvia/nevada/xeo, probabilidade de raios, dirección do vento/velocidade/nivel do vento e hora do amencer/solpor.<br><br>🌞Minuto de choiva durante 2 horas<br>- Usa Rain Tracker para mostrar as precipitacións e nevadas minuto a minuto, así como a precipitación e o espesor da neve durante as dúas próximas horas<br><br>🌞Índice de calidade do aire<br>- Ofrece niveis de calidade do aire e recomendacións de viaxe. Os índices específicos inclúen PM10, PM2,5, monóxido de carbono, dióxido de carbono, dióxido de xofre, ozono e niveles de calidade. Tamén ofrece explicacións e recomendacións para os distintos niveis do Índice de Calidade do Aire. Ademais, mostra o índice UV e a información do índice de pole.<br><br>🌞Unidade de información meteorolóxica e configuración de formato<br>- Permite aos usuarios configurar a súa temperatura preferida, precipitación, visibilidade, velocidade do vento, presión, sistema horario e formato de data<br><br>🌞Mapa de radar meteorolóxico en tempo real<br>- Mostra un mapa de radar mellorado que inclúe cuberta de nubes, sol, choiva, neve, saraiba, treboadas e áreas de raios. Esta función permítelle ver ao instante as condicións meteorolóxicas de varios lugares. Ademais, permítelle seguir o movemento das nubes, as frontes meteorolóxicas e as tormentas activas para ver se afectarán ou evitarán a súa localización.<br><br>🌞Xestión de localizacións<br>- Permite aos usuarios engadir e eliminar manualmente cidades, axustar a orde das cidades, configurar notificacións e widgets para cidades e predicións meteorolóxicas. Tamén permite aos usuarios gardar calquera localización e ver as condicións actuais de calquera número de localizacións globais á vez.<br><br>🌞Widget e reloxo do tempo<br>- Ofrece un widget meteorolóxico que mostra a temperatura, a hora e a data actuais na súa localización actual. Tamén mostra información meteorolóxica sinxela, predicións diarias e horarias e actualiza as condicións meteorolóxicas.<br><br>🌞Notificación de predición do tempo<br>- Envía a información meteorolóxica máis importante todos os días, para que poidas estar informado sobre as condicións meteorolóxicas detalladas durante todo o día.<br><br>🌞Modo de visualización<br>- Permite aos usuarios cambiar libremente entre o modo claro e escuro.<br><br>🌞Soporte para varios idiomas<br>- A aplicación ofrece soporte na aplicación para máis de 100 idiomas.",Weather Forecast - WaiWao Studio,"10,000,000+"
com.wunderground.android.weather,https://play-lh.googleusercontent.com/LzUvgH7tSaV1mzA9lzlA8iKnHCrVZnjTYtLZCgIYzN3FhAM84gJ3XLhHhB_6k3Lu9Q,Weather data & microclimate : ,4.749028,Weather,0,True,USD,,,"Weather, at a microclimate level. Get your hyperlocal weather forecast, with precise current conditions and hyper-local updates from your closest weather station. With weather data from over 250,000 personal weather stations and a proprietary forecast model, Weather Underground gives you the most precise weather forecast at a truly hyper-local level. Discover about current conditions, get weather data from our Nexrad network, customizable weather alerts from NOAA and much more, thanks to our Nexrad hurricane and storm tracker and Doppler radar technology. You’ll always be prepared.

5 REASONS TO DOWNLOAD WEATHER UNDERGROUND

- Weather alerts and storm radar: get severe weather alerts for your position and trust our hurricane tracker and storm radar for severe weather news - you'll always be prepared for your microclimate, whether it's extreme rain or a surprise drought.
- Hyperlocal weather conditions: track current conditions from your local weather station, as well as hourly/daily forecasts up to 10 days in the future, which include chance of rain and precise weather news.
- Most detailed local weather data: get updates with the best weather data including weather maps, local Doppler radar imagery, temperature updates, “Feels Like,” wind speed, wind directions, today’s rain accumulation, humidity, and pressure.
- Other geographical data: discover more information and get news about your local weather and microclimate with our air quality index, UV index, sunrise & sunset times at your closest personal weather station.
- Customized experience: set your app with light & dark modes and various map types and units.

DISCOVER THE UNIQUE FEATURES OF WEATHER UNDERGROUND

Interactive weather maps with Nexrad radar technology & severe weather alerts:

- The most interactive weather maps on mobile allow you to select from different precise weather overlays, personal weather stations, Nexrad radar, NOAA and satellite imagery, heat and temperature maps, and rain accumulation.
- Sophisticated weather visualizations with hi-res satellite & cloud cover imagery from GOES-16, powered by data from NOAA.
- Keep an eye out for extreme weather with our hurricane tracker and storm radar and always be prepared with severe weather alerts.

Hyper-local forecasts driven by accurate weather data:

- Over 250,000 PWSs report the most accurate local weather conditions. Visualize precise weather radar imagery for your very own microclimate.
- Made to fill in the gaps between the airport weather stations that other weather services rely upon to generate forecasts - meaning our data is generated from actual data points in your neighborhood. So you get real time rain accumulation, a precise pollen forecast and temperature info reflecting your local current conditions.

Subscribe to Premium!

- Upgrade and remove all ads from your weather app by purchasing an annual subscription.
- Access Smart Forecasts: set your ideal weather conditions for your outdoor activities and we’ll tell you when to go.
- View Extended Hourly Forecasts up to 15 days in the future.

You can cancel your Weather Underground subscription anytime through your Google Play account settings, or it will automatically renew. This must be done 24 hours before the end of any subscription period to avoid being charged another fee. Subscription payments will be charged to your Google Play account at confirmation of your purchase and upon commencement of each renewal term. For more information, please see our Privacy Policy and Terms of Use.

-----

Privacy & Feedback
- Our Privacy Policy can be viewed here: https://www.wunderground.com/company/privacy-policy
- Our Terms of Use can be viewed here: https://www.wunderground.com/company/legal 
- If you have any questions or suggestions about our weather service, please do not hesitate to get in touch at support@wunderground.com.","Weather, at a microclimate level. Get your hyperlocal weather forecast, with precise current conditions and hyper-local updates from your closest weather station. With weather data from over 250,000 personal weather stations and a proprietary forecast model, Weather Underground gives you the most precise weather forecast at a truly hyper-local level. Discover about current conditions, get weather data from our Nexrad network, customizable weather alerts from NOAA and much more, thanks to our Nexrad hurricane and storm tracker and Doppler radar technology. You’ll always be prepared.<br><br>5 REASONS TO DOWNLOAD WEATHER UNDERGROUND<br><br>- Weather alerts and storm radar: get severe weather alerts for your position and trust our hurricane tracker and storm radar for severe weather news - you&#39;ll always be prepared for your microclimate, whether it&#39;s extreme rain or a surprise drought.<br>- Hyperlocal weather conditions: track current conditions from your local weather station, as well as hourly/daily forecasts up to 10 days in the future, which include chance of rain and precise weather news.<br>- Most detailed local weather data: get updates with the best weather data including weather maps, local Doppler radar imagery, temperature updates, “Feels Like,” wind speed, wind directions, today’s rain accumulation, humidity, and pressure.<br>- Other geographical data: discover more information and get news about your local weather and microclimate with our air quality index, UV index, sunrise &amp; sunset times at your closest personal weather station.<br>- Customized experience: set your app with light &amp; dark modes and various map types and units.<br><br>DISCOVER THE UNIQUE FEATURES OF WEATHER UNDERGROUND<br><br>Interactive weather maps with Nexrad radar technology &amp; severe weather alerts:<br><br>- The most interactive weather maps on mobile allow you to select from different precise weather overlays, personal weather stations, Nexrad radar, NOAA and satellite imagery, heat and temperature maps, and rain accumulation.<br>- Sophisticated weather visualizations with hi-res satellite &amp; cloud cover imagery from GOES-16, powered by data from NOAA.<br>- Keep an eye out for extreme weather with our hurricane tracker and storm radar and always be prepared with severe weather alerts.<br><br>Hyper-local forecasts driven by accurate weather data:<br><br>- Over 250,000 PWSs report the most accurate local weather conditions. Visualize precise weather radar imagery for your very own microclimate.<br>- Made to fill in the gaps between the airport weather stations that other weather services rely upon to generate forecasts - meaning our data is generated from actual data points in your neighborhood. So you get real time rain accumulation, a precise pollen forecast and temperature info reflecting your local current conditions.<br><br>Subscribe to Premium!<br><br>- Upgrade and remove all ads from your weather app by purchasing an annual subscription.<br>- Access Smart Forecasts: set your ideal weather conditions for your outdoor activities and we’ll tell you when to go.<br>- View Extended Hourly Forecasts up to 15 days in the future.<br><br>You can cancel your Weather Underground subscription anytime through your Google Play account settings, or it will automatically renew. This must be done 24 hours before the end of any subscription period to avoid being charged another fee. Subscription payments will be charged to your Google Play account at confirmation of your purchase and upon commencement of each renewal term. For more information, please see our Privacy Policy and Terms of Use.<br><br>-----<br><br>Privacy &amp; Feedback<br>- Our Privacy Policy can be viewed here: https://www.wunderground.com/company/privacy-policy<br>- Our Terms of Use can be viewed here: https://www.wunderground.com/company/legal <br>- If you have any questions or suggestions about our weather service, please do not hesitate to get in touch at support@wunderground.com.",Weather Underground,"10,000,000+"
com.aws.android,https://play-lh.googleusercontent.com/_rZCkobaGZzXN3iquPr4u2KOe7C-ljnrSkBfw6sVL1kpUfq3sBl5MoRJEisBSnxaD-M,Weather Radar by WeatherBug,4.6413593,Weather,0,True,USD,,,"Get reliable weather forecasts with WeatherBug! With over 20 map layers, including Radar and Severe Storm Risk, WeatherBug provides comprehensive weather insights to help keep you safe. From real-time lightning to real-time precipitation, WeatherBug ensures you are always informed. Stay updated with customizable weather alerts, hourly and 10-day Forecasts, and Hurricane Outlooks.

Trusted since 2000, WeatherBug ensures you're always prepared with reliable weather data. Join millions of users and Know Before® severe weather strikes with one of the most comprehensive Weather Apps in the Industry. 


THE WEATHERBUG ADVANTAGE
• Spark™ Lightning with real-time lightning information near you
• Outdoor Sports Section with Disney Weather Check’s world-class weather safety standards
• Air You Breathe Section with Air quality information, including top allergy triggers around you
• Hurricane Tracker with a 7-day Outlook for the Tropics
• Extensive weather observation networks and unique severe weather detection
• Over 20 Weather map Layers
• Ad-Free Subscription Options Available!
 
WEATHER ALERTS
 • Get Severe Weather Alerts from WeatherBug, NWS & NOAA (USA), NMS (UK and DE), and SMN (MX)
• Weather Notifications: Receive alerts for your preferred locations
• Manage Alerts according to your location and preferences:

1. Weather Alerts: Get notified when severe weather alerts have been issued
2. Lightning: Get notified when lightning strikes close to your location
3. Real-Time Precipitation: Get notified when rain/snow is expected within 15 min.
4. Daily Precipitation: Get notified when rain or snow is expected in the next 24 hours
5. Severe Storm Risk: Get notified when there is an increased risk of storms.
6. Commuter: Get notified when the weather might impact road conditions 
7. Pollen: Get notified when pollen levels are medium or high
8. Air Quality: Get notified when the air quality index is low 
9. Hurricane Tracker: Get informed about hurricane activity and warnings 
10. Trending News: Get notified about current news, user videos, safety tips, and more!

AIR QUALITY, HEAT, WILDFIRES
• Get UV Index information, wind speeds, weather observations 
• Global wildfire data to know when you are at risk
• Air quality with an in-depth look at the air quality around you
• Pollen count:  Locally and nationally 
 
WEATHER CUSTOMIZATION
• Weather Widgets: Add weather information to your home screen 
• Temperature Units:  Fahrenheit (°F) and Celsius (°C)
• Wind Units: MPH, KPH, Knots & MPS
• Pressure Units: Inches & millibars
 
COMMUTER
• Road Forecast:  Know when weather conditions will impact your commute with access to live road conditions
• Weather Cameras: View live weather cameras for your commute
• Traffic Cameras: Access live traffic cameras along your route
• Commuter Alerts: Be alerted when weather impacts road conditions
 
 RADAR WEATHER MAPS
• Weather Map: Explore weather conditions, temperature, pollen levels & and more with Doppler radar & and interactive maps
• Severe Storm Risk: Know when convective weather is expected to hit. Storm radar shows severe storms, tornados, hail, high winds


CONNECT WITH US  
• Facebook: @WeatherBug
• X: @WeatherBug
• Instagram: @weatherbug
• TikTok: @officialweatherbug

 
This app may include ""Interest-Based Ads"" (https://www.weatherbug.com/legal/privacy) for more information) and may collect or share ""Precise Location Data"" (https://www.weatherbug.com/legal/privacy for more information)","Get reliable weather forecasts with WeatherBug! With over 20 map layers, including Radar and Severe Storm Risk, WeatherBug provides comprehensive weather insights to help keep you safe. From real-time lightning to real-time precipitation, WeatherBug ensures you are always informed. Stay updated with customizable weather alerts, hourly and 10-day Forecasts, and Hurricane Outlooks.<br><br>Trusted since 2000, WeatherBug ensures you&#39;re always prepared with reliable weather data. Join millions of users and Know Before® severe weather strikes with one of the most comprehensive Weather Apps in the Industry. <br><br><br>THE WEATHERBUG ADVANTAGE<br>• Spark™ Lightning with real-time lightning information near you<br>• Outdoor Sports Section with Disney Weather Check’s world-class weather safety standards<br>• Air You Breathe Section with Air quality information, including top allergy triggers around you<br>• Hurricane Tracker with a 7-day Outlook for the Tropics<br>• Extensive weather observation networks and unique severe weather detection<br>• Over 20 Weather map Layers<br>• Ad-Free Subscription Options Available!<br> <br>WEATHER ALERTS<br> • Get Severe Weather Alerts from WeatherBug, NWS &amp; NOAA (USA), NMS (UK and DE), and SMN (MX)<br>• Weather Notifications: Receive alerts for your preferred locations<br>• Manage Alerts according to your location and preferences:<br><br>1. Weather Alerts: Get notified when severe weather alerts have been issued<br>2. Lightning: Get notified when lightning strikes close to your location<br>3. Real-Time Precipitation: Get notified when rain/snow is expected within 15 min.<br>4. Daily Precipitation: Get notified when rain or snow is expected in the next 24 hours<br>5. Severe Storm Risk: Get notified when there is an increased risk of storms.<br>6. Commuter: Get notified when the weather might impact road conditions <br>7. Pollen: Get notified when pollen levels are medium or high<br>8. Air Quality: Get notified when the air quality index is low <br>9. Hurricane Tracker: Get informed about hurricane activity and warnings <br>10. Trending News: Get notified about current news, user videos, safety tips, and more!<br><br>AIR QUALITY, HEAT, WILDFIRES<br>• Get UV Index information, wind speeds, weather observations <br>• Global wildfire data to know when you are at risk<br>• Air quality with an in-depth look at the air quality around you<br>• Pollen count:  Locally and nationally <br> <br>WEATHER CUSTOMIZATION<br>• Weather Widgets: Add weather information to your home screen <br>• Temperature Units:  Fahrenheit (°F) and Celsius (°C)<br>• Wind Units: MPH, KPH, Knots &amp; MPS<br>• Pressure Units: Inches &amp; millibars<br> <br>COMMUTER<br>• Road Forecast:  Know when weather conditions will impact your commute with access to live road conditions<br>• Weather Cameras: View live weather cameras for your commute<br>• Traffic Cameras: Access live traffic cameras along your route<br>• Commuter Alerts: Be alerted when weather impacts road conditions<br> <br> RADAR WEATHER MAPS<br>• Weather Map: Explore weather conditions, temperature, pollen levels &amp; and more with Doppler radar &amp; and interactive maps<br>• Severe Storm Risk: Know when convective weather is expected to hit. Storm radar shows severe storms, tornados, hail, high winds<br><br><br>CONNECT WITH US  <br>• Facebook: @WeatherBug<br>• X: @WeatherBug<br>• Instagram: @weatherbug<br>• TikTok: @officialweatherbug<br><br> <br>This app may include &quot;Interest-Based Ads&quot; (https://www.weatherbug.com/legal/privacy) for more information) and may collect or share &quot;Precise Location Data&quot; (https://www.weatherbug.com/legal/privacy for more information)",WeatherBug,"10,000,000+"
aplicacion.tiempo,https://play-lh.googleusercontent.com/EKqL51kqaqzSLOW7UBthAtK3C1FLk76wzNVN_6dMidtUbKBHtw3CT3zSVvvXWt87jTBa,Weather Radar - Meteored News,4.7936172,Weather,0,True,USD,https://www.youtube.com/embed/Au2tIVJEk3Y?ps=play&vq=large&rel=0&autohide=1&showinfo=0,https://i.ytimg.com/vi/Au2tIVJEk3Y/hqdefault.jpg,"Trusted by Millions of Android users worldwide and hailed by Meteorology fans, Weather Radar - Meteored News is the official free Weather App from <b>Meteored</b>. Featuring its own forecasts produced and <b>Weather Alerts</b>, using the Best Prediction Model in the world. You will have an <b>accurate weather forecast</b> and you can enjoy an original layout based around Material Design to access detailed and highly accurate local weather data quicker and easier than ever before, such as Weather Maps, Rain Radar, Hurricane Tracker, 14-day Forecast and much more. With over 20 years of forecasting experience, we won't let the weather surprise you.

If you have a Wear OS device, you can wear our app on your wrist. Check the rain, temperature, wind or even add a Tile to your watch to have access to all the weather information.

⚠️<b> ALERTS AND NOTIFICATIONS</b>
With our weather app you receive <b>Official Weather Alerts</b> and live radar alerts for your area from the National Weather Service, including <b>storm warnings, strong winds, hurricanes, tropical storms</b> and other incoming severe weather forecast. In addition, our <b>Assistant</b> can notify you about important weather variations.

🗺️<b> REALTIME RADAR, FORECAST MAPS AND SATELLITES</b>
An animated world weather map based on the <b>ECMWF</b> Model showing the weather forecast for the coming days and alerts in any region. Enjoy our <b>Live Radar</b> service and also our <b>Hurricane and Storm Tracker</b>, access animated weather radar of the last few hours provided by the NWS along with visible and infrared satellite images provided by the NOAA.

📰<b> WEATHER NEWS</b>
Check our daily news to be up to date with the latest meteorologic events. Be informed about trending topics and the most recent forecast. Furthermore, you can watch impacting videos about severe weather events around the world and, last but not least, you will learn about the weather phenomena thanks to our science articles.

🖌️<b> CUSTOMIZATION</b>
Complete <b>In-App Achievements</b> to unlock new <b>Color Themes</b>, designed to help you discover all the available features. The app automatically changes color when the temperature changes!

🌧️<b> WEATHER FORECAST</b>
Check the weather conditions forecast for the next 14 days and 6-day Future Radar. Select a day to view detailed hourly information including heat index or temperature, rain and precipitation, wind speed and direction, wind chill, pressure, cloudiness, humidity, air quality index, pollen levels, UV index, sunset and sunrise times and even the phase of the moon. Turn your device sideways to see how the local weather evolves throughout the day with our amazing graphics.

📱<b> WIDGETS</b>
You can customize your desktop with the most modern widgets currently available. You will have access to up to 8 widgets with different sizes and weather data, where you can check your local weather forecast.

✉️<b> SHARE</b>
Share weather forecasts with your friends and family anytime using any device or social network, such as: iMessage, Twitter, Facebook, Snapchat or WhatsApp.

📍<b> AVAILABILITY</b>
Find the most relevant forecast to your current location or search for your favorite locations from over 6,000,000 all around the world. Available in over 70 countries and 20 languages.

This app collects location data to enable <b>weather forecasts, weather alerts, temperature display in the notification bar, widgets and notifications</b> for the location you currently are.

The human team behind Meteored is what makes it possible.

<a href=""https://www.google.com/url?q=https%3A%2F%2Fwww.theweather.com%2Fabout-us&sa=D&sntz=1&usg=AOvVaw0_oedzpNUfufC-gHpLs5-6"">About US</a>
https://www.theweather.com/about-us

To use this app you must agree to the privacy policy, as well as the terms and conditions of Meteored.

<a href=""https://www.google.com/url?q=https%3A%2F%2Fwww.theweather.com%2Fprivacy.html&sa=D&sntz=1&usg=AOvVaw3kGFCK3Til_baQGZHI9zCZ"">Privacy Policy</a>

https://www.theweather.com/privacy.html

<a href=""https://www.google.com/url?q=https%3A%2F%2Fwww.theweather.com%2Flegal_notice.html&sa=D&sntz=1&usg=AOvVaw07GZ6MToKZMTBXv1fGqDqq"">Legal notice</a>

https://www.theweather.com/legal_notice.html","Trusted by Millions of Android users worldwide and hailed by Meteorology fans, Weather Radar - Meteored News is the official free Weather App from <b>Meteored</b>. Featuring its own forecasts produced and <b>Weather Alerts</b>, using the Best Prediction Model in the world. You will have an <b>accurate weather forecast</b> and you can enjoy an original layout based around Material Design to access detailed and highly accurate local weather data quicker and easier than ever before, such as Weather Maps, Rain Radar, Hurricane Tracker, 14-day Forecast and much more. With over 20 years of forecasting experience, we won&#39;t let the weather surprise you.<br><br>If you have a Wear OS device, you can wear our app on your wrist. Check the rain, temperature, wind or even add a Tile to your watch to have access to all the weather information.<br><br>⚠️<b> ALERTS AND NOTIFICATIONS</b><br>With our weather app you receive <b>Official Weather Alerts</b> and live radar alerts for your area from the National Weather Service, including <b>storm warnings, strong winds, hurricanes, tropical storms</b> and other incoming severe weather forecast. In addition, our <b>Assistant</b> can notify you about important weather variations.<br><br>🗺️<b> REALTIME RADAR, FORECAST MAPS AND SATELLITES</b><br>An animated world weather map based on the <b>ECMWF</b> Model showing the weather forecast for the coming days and alerts in any region. Enjoy our <b>Live Radar</b> service and also our <b>Hurricane and Storm Tracker</b>, access animated weather radar of the last few hours provided by the NWS along with visible and infrared satellite images provided by the NOAA.<br><br>📰<b> WEATHER NEWS</b><br>Check our daily news to be up to date with the latest meteorologic events. Be informed about trending topics and the most recent forecast. Furthermore, you can watch impacting videos about severe weather events around the world and, last but not least, you will learn about the weather phenomena thanks to our science articles.<br><br>🖌️<b> CUSTOMIZATION</b><br>Complete <b>In-App Achievements</b> to unlock new <b>Color Themes</b>, designed to help you discover all the available features. The app automatically changes color when the temperature changes!<br><br>🌧️<b> WEATHER FORECAST</b><br>Check the weather conditions forecast for the next 14 days and 6-day Future Radar. Select a day to view detailed hourly information including heat index or temperature, rain and precipitation, wind speed and direction, wind chill, pressure, cloudiness, humidity, air quality index, pollen levels, UV index, sunset and sunrise times and even the phase of the moon. Turn your device sideways to see how the local weather evolves throughout the day with our amazing graphics.<br><br>📱<b> WIDGETS</b><br>You can customize your desktop with the most modern widgets currently available. You will have access to up to 8 widgets with different sizes and weather data, where you can check your local weather forecast.<br><br>✉️<b> SHARE</b><br>Share weather forecasts with your friends and family anytime using any device or social network, such as: iMessage, Twitter, Facebook, Snapchat or WhatsApp.<br><br>📍<b> AVAILABILITY</b><br>Find the most relevant forecast to your current location or search for your favorite locations from over 6,000,000 all around the world. Available in over 70 countries and 20 languages.<br><br>This app collects location data to enable <b>weather forecasts, weather alerts, temperature display in the notification bar, widgets and notifications</b> for the location you currently are.<br><br>The human team behind Meteored is what makes it possible.<br><br><a href=""https://www.google.com/url?q=https%3A%2F%2Fwww.theweather.com%2Fabout-us&amp;sa=D&amp;sntz=1&amp;usg=AOvVaw0_oedzpNUfufC-gHpLs5-6"">About US</a><br>https://www.theweather.com/about-us<br><br>To use this app you must agree to the privacy policy, as well as the terms and conditions of Meteored.<br><br><a href=""https://www.google.com/url?q=https%3A%2F%2Fwww.theweather.com%2Fprivacy.html&amp;sa=D&amp;sntz=1&amp;usg=AOvVaw3kGFCK3Til_baQGZHI9zCZ"">Privacy Policy</a><br><br>https://www.theweather.com/privacy.html<br><br><a href=""https://www.google.com/url?q=https%3A%2F%2Fwww.theweather.com%2Flegal_notice.html&amp;sa=D&amp;sntz=1&amp;usg=AOvVaw07GZ6MToKZMTBXv1fGqDqq"">Legal notice</a><br><br>https://www.theweather.com/legal_notice.html",Meteored,"50,000,000+"
com.handmark.expressweather,https://play-lh.googleusercontent.com/Pf6nSQOHAxmcGFnQO8G2h9qys4SRkqEM_LJaPubBbaP-ItfCv0BTV4LuHeBB6WfqeFM,1Weather Forecasts & Radar,4.404947,Weather,0,True,USD,https://www.youtube.com/embed/RVhLNbMAuuE?ps=play&vq=large&rel=0&autohide=1&showinfo=0,https://i.ytimg.com/vi/RVhLNbMAuuE/hqdefault.jpg,"1Weather's accurate hyperlocal forecasts are here to help you own the day! Trusted by 100 Million+ users across the world, the 1Weather app will keep you weather-ready, every day.

✓ 24x7 local & national hourly weather info
✓ Down-to-the-minute & long-range local forecasts
✓ NWS & WDT alerts based on custom locations
✓ Future Radar to track hazardous weather conditions
✓ AQI info to check air quality levels across all locations
✓ Hourly, Daily, Weekly weather forecasting
✓ Sun & Moon tracker to find sunrise, sunset & moon phases

KEY FEATURES

Accurate Forecast
Stay prepared with minute-by-minute forecast and precipitation up to 48 hours in advance. From daily, hourly, minutely, and weekly forecasts to extended long-range forecasts, we've got you covered. 
1Weather accurately predicts the possibility of snow day, ice storms, arctic air, hailstorm, snowfall, rain cloud, thunderstorm, cool air, freezing rain and drizzle. Let us be your personal forecaster and plan your days for camping, hiking, trekking, etc. with our 10 Day forecast.

Radar Map
1Weather's interactive radar maps help track severe storms in real-time. Multiple weather layers to monitor rain intensity, surface temperature, dew point, relative humidity, wind speed, and UV index. Future radar maps help you stay aware of extreme weather conditions like blizzard, sleet, hail, thundercloud, lake-effect snow and winter storms. Real-time NWS alerts & warnings ensure that you're always in the know when it matters most. Our live radar maps cover climate changes across all regions, including West Coast and East Coast.

Health Center
1Weather brings you up-to-date air quality index with detailed information about the air pollution level and pollen count for those pesky seasonal allergies. Enjoy the outdoors with data about wind chill, moisture, humidity, air quality, and the environment.

Weather News
Receive quick updates on breaking weather news in 60 words & one-minute videos. We’ll send you interesting shorts, weather tips, articles, insights & videos on topics relevant to you. We are also always ready with seasonal tips for extreme weather that are useful and help you stay worry-free.

Customizable Alerts
We want you to always stay in the know! Receive the latest weather alerts and warnings issued for your city by the National Weather Service (NWS), NOAA, Storm Prediction Center, Dark Sky & WDT. 1Weather's immediate notification of real-time weather changes is designed to help you & your loved ones stay safe.

Beautiful Weather Widgets
At 1Weather, we want you to see the weather your way. You can track weather from your home screens with customizable home screen widgets. Choose from 1x1 widget, 2x1, 2x2, 2x3, 3x4, 4x1 widget, 4x2, 4x3, 5x1 widget, & 5x2 widget sizes in preferred formats like large clock widget, time widget, forecast widget.

Sun and Moon Tracker
Whether you're a stargazer, photographer, or simply curious about the skies, this tool is your go-to companion. Plan your day or night activities with sunrise, sunset, moonrise, and moonset. Explore various moon phases, including New Moon and Full Moon.

Additional features
Customizable Units: Personalize your weather experience by customizing units to your preference.
Multilingual Support: Choose from multiple languages to make the app more accessible to you.
Dark and Light Themes: Customize your app's appearance with dark and light themes to suit your preferences and reduce eye strain in low-light conditions.

Download the best android weather app for accurate weather updates, wherever you go!

For any queries, feel free to reach us at oneweather@onelouder.com.

Note: We may collect information from your use of the app that we may share with our partners to deliver personalized ads and improve our services. You may modify your choices at any time as explained in our Privacy Policy: https://1weatherapp.com/privacy/#opt-out.","1Weather&#39;s accurate hyperlocal forecasts are here to help you own the day! Trusted by 100 Million+ users across the world, the 1Weather app will keep you weather-ready, every day.<br><br>✓ 24x7 local &amp; national hourly weather info<br>✓ Down-to-the-minute &amp; long-range local forecasts<br>✓ NWS &amp; WDT alerts based on custom locations<br>✓ Future Radar to track hazardous weather conditions<br>✓ AQI info to check air quality levels across all locations<br>✓ Hourly, Daily, Weekly weather forecasting<br>✓ Sun &amp; Moon tracker to find sunrise, sunset &amp; moon phases<br><br>KEY FEATURES<br><br>Accurate Forecast<br>Stay prepared with minute-by-minute forecast and precipitation up to 48 hours in advance. From daily, hourly, minutely, and weekly forecasts to extended long-range forecasts, we&#39;ve got you covered. <br>1Weather accurately predicts the possibility of snow day, ice storms, arctic air, hailstorm, snowfall, rain cloud, thunderstorm, cool air, freezing rain and drizzle. Let us be your personal forecaster and plan your days for camping, hiking, trekking, etc. with our 10 Day forecast.<br><br>Radar Map<br>1Weather&#39;s interactive radar maps help track severe storms in real-time. Multiple weather layers to monitor rain intensity, surface temperature, dew point, relative humidity, wind speed, and UV index. Future radar maps help you stay aware of extreme weather conditions like blizzard, sleet, hail, thundercloud, lake-effect snow and winter storms. Real-time NWS alerts &amp; warnings ensure that you&#39;re always in the know when it matters most. Our live radar maps cover climate changes across all regions, including West Coast and East Coast.<br><br>Health Center<br>1Weather brings you up-to-date air quality index with detailed information about the air pollution level and pollen count for those pesky seasonal allergies. Enjoy the outdoors with data about wind chill, moisture, humidity, air quality, and the environment.<br><br>Weather News<br>Receive quick updates on breaking weather news in 60 words &amp; one-minute videos. We’ll send you interesting shorts, weather tips, articles, insights &amp; videos on topics relevant to you. We are also always ready with seasonal tips for extreme weather that are useful and help you stay worry-free.<br><br>Customizable Alerts<br>We want you to always stay in the know! Receive the latest weather alerts and warnings issued for your city by the National Weather Service (NWS), NOAA, Storm Prediction Center, Dark Sky &amp; WDT. 1Weather&#39;s immediate notification of real-time weather changes is designed to help you &amp; your loved ones stay safe.<br><br>Beautiful Weather Widgets<br>At 1Weather, we want you to see the weather your way. You can track weather from your home screens with customizable home screen widgets. Choose from 1x1 widget, 2x1, 2x2, 2x3, 3x4, 4x1 widget, 4x2, 4x3, 5x1 widget, &amp; 5x2 widget sizes in preferred formats like large clock widget, time widget, forecast widget.<br><br>Sun and Moon Tracker<br>Whether you&#39;re a stargazer, photographer, or simply curious about the skies, this tool is your go-to companion. Plan your day or night activities with sunrise, sunset, moonrise, and moonset. Explore various moon phases, including New Moon and Full Moon.<br><br>Additional features<br>Customizable Units: Personalize your weather experience by customizing units to your preference.<br>Multilingual Support: Choose from multiple languages to make the app more accessible to you.<br>Dark and Light Themes: Customize your app&#39;s appearance with dark and light themes to suit your preferences and reduce eye strain in low-light conditions.<br><br>Download the best android weather app for accurate weather updates, wherever you go!<br><br>For any queries, feel free to reach us at oneweather@onelouder.com.<br><br>Note: We may collect information from your use of the app that we may share with our partners to deliver personalized ads and improve our services. You may modify your choices at any time as explained in our Privacy Policy: https://1weatherapp.com/privacy/#opt-out.",OneLouder Apps,"100,000,000+"
com.acmeaom.android.myradar,https://play-lh.googleusercontent.com/djRrVzE8nTiT7-TDeOchMrx8bUFukHiEhk9VC_iA8JyWTObEgjDf9_JtcvESzJwJnw,MyRadar Weather Radar,4.8684473,Weather,0,True,USD,,,"MyRadar is a fast, easy-to-use, yet powerful weather app that displays animated weather radar around your current location, allowing you to quickly see what weather is coming your way. Just start the app, and your location pops up with animated live radar, with radar loop lengths of up to two hours.  This basic functionality provides the quickest way to get a fast snapshot of the weather on-the-go, and it's what has made MyRadar so successful over the years.  Check your phone and get an instant assessment of the weather that will impact your day.

In addition to the live radar, MyRadar has an ever-increasing list of weather and environmentally-related data layers that you can overlay on top of the map;  our animated winds layer shows a breathtaking visual representation of both surface winds and winds at the jetstream level; the frontal boundaries layer shows high and low pressure systems as well as frontal boundaries themselves; the earthquakes layer is a great way to stay on top of the latest reports on seismic activity, completely customizable as to severity and time; our hurricane layer allows users to stay on top of the latest tropical storm and hurricane activity throughout the world; the aviation layer overlays AIRMETs, SIGMETs and other aviation-related data, including the ability to track flights and display their IFR flight plans and paths, and the ""wildfires"" layer allows users to stay abreast of the latest fire activity around the United States.

In addition to the data layers, MyRadar has the ability to send weather and environmental alerts, including alerts from the National Weather Center, such as Tornado and Severe Weather alerts.  MyRadar includes the ability to receive alerts based off of Tropical  Storm and Hurricane activity;  you can configure the app to send you an alert any time a tropical storm or hurricane forms, or is upgraded or downgraded.

One of the most useful features in MyRadar is the ability to provide advanced rain alerts;  our patent-pending process for predicting hyper-local rainfall is the most accurate in the industry.  Instead of having to constantly check the app, MyRadar will send you an alert up to an hour in advance as to when the rain will arrive at your current location, down to the minute, including details on intensity and duration.  These alerts can be a life saver when you're on-the-go and don't always have time to check the weather - our systems will proactively do the work for you and let you know in advance before the rain hits.

All of the weather and environmental data represented on MyRadar is displayed on our custom mapping system, developed in-house.  This mapping system uses your devices GPU, which makes it incredibly fast and speedy. The map has the standard pinch/zoom capability which allows you to smoothly zoom and pan around the United States and the rest of the world to see what the weather is like anywhere on the planet.

In addition to the free features of the app, the premium upgrade is available, including real-time hurricane tracking - great for the start of hurricane season.  This feature provides additional data above and beyond the free version, including the cone of probability for tropical storm/hurricane forecast tracks, and also includes a detailed synopsis from the National Hurricane Center.  The premium upgrade also include the professional radar pack, which allows greater detail of radar from individual stations.  Users can select individual radar stations around the US, select the radar tilt angle, and also change the radar product being displayed, including base reflectivity and wind velocity - great for experienced weather buffs looks to stay on top of possible tornado formation.

MyRadar is also available for Wear OS devices, including tiles for both radar and current conditions - try on your smartwatch!

Don't get caught off guard with bad weather;  download MyRadar today and try it out!","MyRadar is a fast, easy-to-use, yet powerful weather app that displays animated weather radar around your current location, allowing you to quickly see what weather is coming your way. Just start the app, and your location pops up with animated live radar, with radar loop lengths of up to two hours.  This basic functionality provides the quickest way to get a fast snapshot of the weather on-the-go, and it&#39;s what has made MyRadar so successful over the years.  Check your phone and get an instant assessment of the weather that will impact your day.<br><br>In addition to the live radar, MyRadar has an ever-increasing list of weather and environmentally-related data layers that you can overlay on top of the map;  our animated winds layer shows a breathtaking visual representation of both surface winds and winds at the jetstream level; the frontal boundaries layer shows high and low pressure systems as well as frontal boundaries themselves; the earthquakes layer is a great way to stay on top of the latest reports on seismic activity, completely customizable as to severity and time; our hurricane layer allows users to stay on top of the latest tropical storm and hurricane activity throughout the world; the aviation layer overlays AIRMETs, SIGMETs and other aviation-related data, including the ability to track flights and display their IFR flight plans and paths, and the &quot;wildfires&quot; layer allows users to stay abreast of the latest fire activity around the United States.<br><br>In addition to the data layers, MyRadar has the ability to send weather and environmental alerts, including alerts from the National Weather Center, such as Tornado and Severe Weather alerts.  MyRadar includes the ability to receive alerts based off of Tropical  Storm and Hurricane activity;  you can configure the app to send you an alert any time a tropical storm or hurricane forms, or is upgraded or downgraded.<br><br>One of the most useful features in MyRadar is the ability to provide advanced rain alerts;  our patent-pending process for predicting hyper-local rainfall is the most accurate in the industry.  Instead of having to constantly check the app, MyRadar will send you an alert up to an hour in advance as to when the rain will arrive at your current location, down to the minute, including details on intensity and duration.  These alerts can be a life saver when you&#39;re on-the-go and don&#39;t always have time to check the weather - our systems will proactively do the work for you and let you know in advance before the rain hits.<br><br>All of the weather and environmental data represented on MyRadar is displayed on our custom mapping system, developed in-house.  This mapping system uses your devices GPU, which makes it incredibly fast and speedy. The map has the standard pinch/zoom capability which allows you to smoothly zoom and pan around the United States and the rest of the world to see what the weather is like anywhere on the planet.<br><br>In addition to the free features of the app, the premium upgrade is available, including real-time hurricane tracking - great for the start of hurricane season.  This feature provides additional data above and beyond the free version, including the cone of probability for tropical storm/hurricane forecast tracks, and also includes a detailed synopsis from the National Hurricane Center.  The premium upgrade also include the professional radar pack, which allows greater detail of radar from individual stations.  Users can select individual radar stations around the US, select the radar tilt angle, and also change the radar product being displayed, including base reflectivity and wind velocity - great for experienced weather buffs looks to stay on top of possible tornado formation.<br><br>MyRadar is also available for Wear OS devices, including tiles for both radar and current conditions - try on your smartwatch!<br><br>Don&#39;t get caught off guard with bad weather;  download MyRadar today and try it out!",ACME AtronOmatic LLC,"10,000,000+"
life.channel.accurate.local.weather.forecast,https://play-lh.googleusercontent.com/dEEdNX0hhtawu3TmxtGrsiL6g4v4N3E_iVIZ1lJKBaIMRc18h6qGJNUVd66LdwhF8EI,Local Weather：Weather Forecast,4.8844104,Weather,0,True,USD,,,"Local weather forecast, your personal weather assistant. With Local Weather Forecast, you can travel with confidence. It provides weather info and weather data browsing, accurate weather forecast information in 24 hours, accurate forecast for many days in the future. 

<b>################ Main Features ###############</b>

<b># Real-time Local Weather Forecast</b>
Hourly Temperature, wind speed and direction, atmospheric pressure, weather condition, humidity, UV Index, visibility distance unites, dew point, elevation and cloud cover condition. Also it contains Radar Map that offering you to check the local weather condition information easily. Thoughtful data like Air Quality, Out Door Sports Index sunrise time, sunset time are also offered for you.

<b># Local real-time weather and natural disaster Alert</b>
Early warning affected area, start time, end time, Alert summary, original warning and data source. Prompt protection in advance

<b># Weather forecast for the next 24 hours</b>
Hourly temperature, Feels like, weather phase, humidity, UV index, visibility, dew point, rain snow ice probability, wind direction speed gust, Cloud Cover. 24-hour Weather Forecast ,View anytime, anywhere . Hourly weather, know as soon as you slip.

<b># Weather forecast for the next 10 days</b>
 Provide daily temperature, weather phase, humidity, UV index, rain snow icing probability, lightning probability, wind direction/speed/gust, sunrise sunset time. Plan food, clothing, housing and transportation in advance . Forecast long-term weather, happy plan, happy play.

<b># Rain probability in the next 10 days</b>
  The bar graph displays the trend of rain probability. Watch the dynamic map of rainfall radar

<b># Wind direction information for the next 10 days</b>
  The line graph shows the level of the direction and the direction change trend. 

<b># Air Quality Index</b>
  PM10, PM2.5, CO, NO2, SO2, O3, quality level. 

<b># Other weather information</b>
  Dew point, Visibility, UV Index. 

<b># Weather radar chart</b>
  Various cloud images can be displayed, making it easy to browse weather forecast information. 

<b># Sunrise and sunset</b>
  Beautiful sunrise and sunset animation effects and moon phase information. 

<b># City Management</b>
 The weather in the city you care about is clear at a glance. You can manually add and remove cities, adjust the order of cities, set the city and weather forecast for notifications and widgets.

<b># Weather information unit and format setting</b>
  Temperature: C, F
  Precipitation: mm, in, cm
  Visibility: mile, m, km
  Wind speed: mp/h, km/h, mi/h, m/s
  Pressure: bar, hPa, atm, mmHg
  Hour format: 12 hour, 24 hour
  Date format: yyyy/mm/dd(2021/01/29), mm/dd/yyyy(29/01/2021), dd/mm/yyyy(01/29/2021)

<b># Support multiple languages</b>

Download and experience the accurate local weather forecast. 

Enjoy your daily life and stay safe!  

If you have any questions or suggestions, feel free to contact us. We will do our best to provide a better experience for you. 
Email:
linlifemx2020@gmail.com","Local weather forecast, your personal weather assistant. With Local Weather Forecast, you can travel with confidence. It provides weather info and weather data browsing, accurate weather forecast information in 24 hours, accurate forecast for many days in the future. <br><br><b>################ Main Features ###############</b><br><br><b># Real-time Local Weather Forecast</b><br>Hourly Temperature, wind speed and direction, atmospheric pressure, weather condition, humidity, UV Index, visibility distance unites, dew point, elevation and cloud cover condition. Also it contains Radar Map that offering you to check the local weather condition information easily. Thoughtful data like Air Quality, Out Door Sports Index sunrise time, sunset time are also offered for you.<br><br><b># Local real-time weather and natural disaster Alert</b><br>Early warning affected area, start time, end time, Alert summary, original warning and data source. Prompt protection in advance<br><br><b># Weather forecast for the next 24 hours</b><br>Hourly temperature, Feels like, weather phase, humidity, UV index, visibility, dew point, rain snow ice probability, wind direction speed gust, Cloud Cover. 24-hour Weather Forecast ,View anytime, anywhere . Hourly weather, know as soon as you slip.<br><br><b># Weather forecast for the next 10 days</b><br> Provide daily temperature, weather phase, humidity, UV index, rain snow icing probability, lightning probability, wind direction/speed/gust, sunrise sunset time. Plan food, clothing, housing and transportation in advance . Forecast long-term weather, happy plan, happy play.<br><br><b># Rain probability in the next 10 days</b><br>  The bar graph displays the trend of rain probability. Watch the dynamic map of rainfall radar<br><br><b># Wind direction information for the next 10 days</b><br>  The line graph shows the level of the direction and the direction change trend. <br><br><b># Air Quality Index</b><br>  PM10, PM2.5, CO, NO2, SO2, O3, quality level. <br><br><b># Other weather information</b><br>  Dew point, Visibility, UV Index. <br><br><b># Weather radar chart</b><br>  Various cloud images can be displayed, making it easy to browse weather forecast information. <br><br><b># Sunrise and sunset</b><br>  Beautiful sunrise and sunset animation effects and moon phase information. <br><br><b># City Management</b><br> The weather in the city you care about is clear at a glance. You can manually add and remove cities, adjust the order of cities, set the city and weather forecast for notifications and widgets.<br><br><b># Weather information unit and format setting</b><br>  Temperature: C, F<br>  Precipitation: mm, in, cm<br>  Visibility: mile, m, km<br>  Wind speed: mp/h, km/h, mi/h, m/s<br>  Pressure: bar, hPa, atm, mmHg<br>  Hour format: 12 hour, 24 hour<br>  Date format: yyyy/mm/dd(2021/01/29), mm/dd/yyyy(29/01/2021), dd/mm/yyyy(01/29/2021)<br><br><b># Support multiple languages</b><br><br>Download and experience the accurate local weather forecast. <br><br>Enjoy your daily life and stay safe!  <br><br>If you have any questions or suggestions, feel free to contact us. We will do our best to provide a better experience for you. <br>Email:<br>linlifemx2020@gmail.com",Enjoy Life Studio,"10,000,000+"
com.yahoo.mobile.client.android.weather,https://play-lh.googleusercontent.com/Q-uvOc2r0-N8wAlSkhAmlTMfB60QbPQj4MO-lH6B0m1bHCLQmQNAgDV-oN09Fqf5jm8,Yahoo Weather,4.426552,Weather,0,True,USD,,,"The forecast is beautiful. 

Prepare for your day with the most accurate hourly, 5-day, and 10-day forecasts. Stunning Flickr photos match your location, time of day, and current conditions.

Favorite features
- Get all the details: wind, pressure, and chance of precipitation.
- See animated sunrise, sunset, wind, and pressure modules.
- Browse interactive maps: radar, satellite, heat, and snow.
- Track all your favorite cities and destinations!
- Accessibility: Enabled for TalkBack. Optimized for color contrast. 

Helpful tips
- Scroll down for detailed weather information.
- Tap the plus sign to add up to 20 cities.
- Swipe left-to-right to move between locations.","The forecast is beautiful. <br><br>Prepare for your day with the most accurate hourly, 5-day, and 10-day forecasts. Stunning Flickr photos match your location, time of day, and current conditions.<br><br>Favorite features<br>- Get all the details: wind, pressure, and chance of precipitation.<br>- See animated sunrise, sunset, wind, and pressure modules.<br>- Browse interactive maps: radar, satellite, heat, and snow.<br>- Track all your favorite cities and destinations!<br>- Accessibility: Enabled for TalkBack. Optimized for color contrast. <br><br>Helpful tips<br>- Scroll down for detailed weather information.<br>- Tap the plus sign to add up to 20 cities.<br>- Swipe left-to-right to move between locations.",Yahoo,"10,000,000+"
com.inmobi.weather,https://play-lh.googleusercontent.com/3H3vv_xa88QRlg7BfV33blm_cK6up8zyYticLFsp8kGN-ScZv6QoNF00GxUtomaDdrU,Weather,4.7543983,Weather,0,True,USD,,,"Hyperlocal weather forecasts are here to help you own the day! Trusted by 100 Million+ users across the world, the Weather app by Swish will keep you weather-ready, every day.

<b>Key Features</b>
✓10 Day weather forecast
✓48 hours rain forecast
✓Multi-layer radar maps
✓10+ customizable widgets
✓Air quality info
✓Sun and Moon Tracker

<b>Accurate Forecasts</b>
Minute-by-minute forecast and precipitation up to 48 hours. Plan your days in advance with our 10 Day forecast.

<b>Radar Map</b>
Multiple weather layers and future radar maps to track thunderstorms, typhoons, hurricanes, rainfall, snowfall and more.

<b>Detailed Weather Info</b>
More than 15 weather data points that give you all the information you need. UV index, dew point, visibility, humidity, wind speed, atmospheric pressure & more.

<b>Health Center</b>
Enjoy the outdoors with details about wind chill, moisture, air pollution level, and pollen count.
Air Quality Index: Get real-time air quality info for your area and plan accordingly.
Allergy outlook: Track grass, weed, and tree pollen.
Pollution level: Check pollutant levels of PM10, PM2.5, O3, CO, NO2 and SO2
Health tips: Get advice for general health and sensitive groups.

<b>Beautiful Weather Widgets</b>
We want you to see the weather your way. Choose from 1x1 widget, 2x1, 2x2, 2x3, 3x4, 4x1 widget, 4x2, 4x3, 5x1 widget, & 5x2 widget sizes in preferred formats.

<b>Sun and Moon Tracker</b>
Plan your day or night activities with sunrise, sunset, moonrise, and moonset. Explore various moon phases, including New Moon and Full Moon.

<b>Additional features</b>
Customizable Units: Personalize your weather experience by customizing units to your preference.
Multilingual Support: Choose from multiple languages to make the app more accessible to you.
Dark and Light Themes: Customize your app's appearance with dark and light themes to suit your preferences and reduce eye strain in low-light conditions.

100 million downloads and counting! Download the best android weather app now.

Need help? Feel free to contact us at oneweather@onelouder.com. We would love to hear from you.

Note: We may collect information from your use of the app that we may share with our partners to deliver personalized ads and improve our services. You may modify your choices at any time as explained in our Privacy Policy: https://1weatherapp.com/privacy/#rights.","Hyperlocal weather forecasts are here to help you own the day! Trusted by 100 Million+ users across the world, the Weather app by Swish will keep you weather-ready, every day.<br><br><b>Key Features</b><br>✓10 Day weather forecast<br>✓48 hours rain forecast<br>✓Multi-layer radar maps<br>✓10+ customizable widgets<br>✓Air quality info<br>✓Sun and Moon Tracker<br><br><b>Accurate Forecasts</b><br>Minute-by-minute forecast and precipitation up to 48 hours. Plan your days in advance with our 10 Day forecast.<br><br><b>Radar Map</b><br>Multiple weather layers and future radar maps to track thunderstorms, typhoons, hurricanes, rainfall, snowfall and more.<br><br><b>Detailed Weather Info</b><br>More than 15 weather data points that give you all the information you need. UV index, dew point, visibility, humidity, wind speed, atmospheric pressure &amp; more.<br><br><b>Health Center</b><br>Enjoy the outdoors with details about wind chill, moisture, air pollution level, and pollen count.<br>Air Quality Index: Get real-time air quality info for your area and plan accordingly.<br>Allergy outlook: Track grass, weed, and tree pollen.<br>Pollution level: Check pollutant levels of PM10, PM2.5, O3, CO, NO2 and SO2<br>Health tips: Get advice for general health and sensitive groups.<br><br><b>Beautiful Weather Widgets</b><br>We want you to see the weather your way. Choose from 1x1 widget, 2x1, 2x2, 2x3, 3x4, 4x1 widget, 4x2, 4x3, 5x1 widget, &amp; 5x2 widget sizes in preferred formats.<br><br><b>Sun and Moon Tracker</b><br>Plan your day or night activities with sunrise, sunset, moonrise, and moonset. Explore various moon phases, including New Moon and Full Moon.<br><br><b>Additional features</b><br>Customizable Units: Personalize your weather experience by customizing units to your preference.<br>Multilingual Support: Choose from multiple languages to make the app more accessible to you.<br>Dark and Light Themes: Customize your app&#39;s appearance with dark and light themes to suit your preferences and reduce eye strain in low-light conditions.<br><br>100 million downloads and counting! Download the best android weather app now.<br><br>Need help? Feel free to contact us at oneweather@onelouder.com. We would love to hear from you.<br><br>Note: We may collect information from your use of the app that we may share with our partners to deliver personalized ads and improve our services. You may modify your choices at any time as explained in our Privacy Policy: https://1weatherapp.com/privacy/#rights.",Swish Apps,"10,000,000+"
com.weawow,https://play-lh.googleusercontent.com/erkAVX_bJQlHwpRA0dBTE1Tfr6r2ctOjQk8VqikraelCfnI9FoDUWPOD9cHdO2I0De0,Weather & Widget - Weawow,4.8789315,Weather,0,True,USD,,,"Weawow is a free (and ad-free) weather app enhanced by beautiful weather-related photos taken by photographers around the world.
The photos reflect the current weather at your location, showing you whether it’s fair, cloudy, rainy, snowy, so you can decide whether you’ll need your umbrella or your sunglasses when you go out.
When you open the Weawow app, you’re likely to encounter unexpected ""Wow"" photos, rather than a boring, text-based forecast. And that’s not all: if you take ""Wow"" photos yourself, you can post your ""Wow"" photos from our Website. Then, we can integrate them into the app, where they’ll be seen by weather watchers all over the world (the app is available in over 50 languages).
The app’s layout is customizable, allowing you to select what to display like rain, wind gust, pressure, UV index, etc.
The Weawow is sustained by user donations. If you like the Weawow and want to support the Weawow project, please donate to us.
Of course, this is not mandatory, so please feel free to use the app.

<strong>WEATHER DATA</strong>
- Changeable weather providers: NWS (NOAA), DWD, Meteo France, AEMET, MET Norway, Dark Sky, AerisWeather, Weatherbit, World Weather Online, Open Weather map, (AccuWeather, Foreca).
- Free without advertisement: No annoying advertisements are displayed at all.
- Detailed weather: Temperature, Feels-like temperature, Rain, Humidity, Dew point, Clouds, Pressure, Wind, Wind gust, UV index, visibility, Snow depth. Temp., Rain, Wind, Wind gust, Pressure, Dew point, Humidity, Cloud cover, UV index, Visibility, Snowfall, Feels like, Solar radiation.
- Supported languages: English, French, German, Spanish, Chinese, and 50 more languages.
- Sun and Moon: Sunrise time, sunset time, twilight, moon phases, full moon day, new moon day, age of the moon.
- Air Quality (CAMS, ECMWF), Severe Weather Alerts, Pollen (only AccuWeather and USA).

<strong>SIMPLE INTERFACE</strong>
- Bookmark: Manage your favorite places with bookmarks. You can change them by swiping left / right.
- Simple interface: You can get the necessary information by simply scrolling down the screen.

<strong>WEATHER MAP, RADAR</strong>
- Weather Providers: NOAA, RainViewer, MET Norway, MSC.
- Globe (14 days forecast): You can check the wind animation and various weather layers with the 3D earth.
- Google Maps (Radar & 1 day forecast): You can check the real rainfall radar with the Google Maps.

<strong>CUSTOMIZABLE LAYOUT</strong>
- As you like: You can freely change the layout to display daily weather, hourly weather, radar, etc.
- Sort order: You can change the priority of weather type like Temperature, Rain, Wind, Wind gust, Pressure, UV index.
- Weather Icon: You can change it from various weather icons.
- Choose your favorite theme: Dark theme and white theme are available.

<strong>CUSTOMIZABLE WIDGETS</strong>
- As you like: You can always check the weather you care about, such as the hourly UV index on your home screen.
- Widget themes: Simple, Clock, Hourly Graph, Daily Graph, Currently, Today, Hourly, Daily.

<strong>NOTIFICATIONS</strong>
- Push notification: Notifies the weather forecast for that day at the specified time.
- On-going notification: weather information up to 8 hours ahead, weekly weather, current weather.

<strong>MARKETPLACE</strong>
- You can post and sell your photos from Weawow's browser service.
- The posted photos are automatically displayed after being matched with the weather in the application as well.
<a href=""https://www.google.com/url?q=https%3A%2F%2Fweawow.com%2Fmarketplace&sa=D&sntz=1&usg=AOvVaw0hneouTMT-m-qsUyIVhyVM"">https://weawow.com/marketplace</a>","Weawow is a free (and ad-free) weather app enhanced by beautiful weather-related photos taken by photographers around the world.<br>The photos reflect the current weather at your location, showing you whether it’s fair, cloudy, rainy, snowy, so you can decide whether you’ll need your umbrella or your sunglasses when you go out.<br>When you open the Weawow app, you’re likely to encounter unexpected &quot;Wow&quot; photos, rather than a boring, text-based forecast. And that’s not all: if you take &quot;Wow&quot; photos yourself, you can post your &quot;Wow&quot; photos from our Website. Then, we can integrate them into the app, where they’ll be seen by weather watchers all over the world (the app is available in over 50 languages).<br>The app’s layout is customizable, allowing you to select what to display like rain, wind gust, pressure, UV index, etc.<br>The Weawow is sustained by user donations. If you like the Weawow and want to support the Weawow project, please donate to us.<br>Of course, this is not mandatory, so please feel free to use the app.<br><br><strong>WEATHER DATA</strong><br>- Changeable weather providers: NWS (NOAA), DWD, Meteo France, AEMET, MET Norway, Dark Sky, AerisWeather, Weatherbit, World Weather Online, Open Weather map, (AccuWeather, Foreca).<br>- Free without advertisement: No annoying advertisements are displayed at all.<br>- Detailed weather: Temperature, Feels-like temperature, Rain, Humidity, Dew point, Clouds, Pressure, Wind, Wind gust, UV index, visibility, Snow depth. Temp., Rain, Wind, Wind gust, Pressure, Dew point, Humidity, Cloud cover, UV index, Visibility, Snowfall, Feels like, Solar radiation.<br>- Supported languages: English, French, German, Spanish, Chinese, and 50 more languages.<br>- Sun and Moon: Sunrise time, sunset time, twilight, moon phases, full moon day, new moon day, age of the moon.<br>- Air Quality (CAMS, ECMWF), Severe Weather Alerts, Pollen (only AccuWeather and USA).<br><br><strong>SIMPLE INTERFACE</strong><br>- Bookmark: Manage your favorite places with bookmarks. You can change them by swiping left / right.<br>- Simple interface: You can get the necessary information by simply scrolling down the screen.<br><br><strong>WEATHER MAP, RADAR</strong><br>- Weather Providers: NOAA, RainViewer, MET Norway, MSC.<br>- Globe (14 days forecast): You can check the wind animation and various weather layers with the 3D earth.<br>- Google Maps (Radar &amp; 1 day forecast): You can check the real rainfall radar with the Google Maps.<br><br><strong>CUSTOMIZABLE LAYOUT</strong><br>- As you like: You can freely change the layout to display daily weather, hourly weather, radar, etc.<br>- Sort order: You can change the priority of weather type like Temperature, Rain, Wind, Wind gust, Pressure, UV index.<br>- Weather Icon: You can change it from various weather icons.<br>- Choose your favorite theme: Dark theme and white theme are available.<br><br><strong>CUSTOMIZABLE WIDGETS</strong><br>- As you like: You can always check the weather you care about, such as the hourly UV index on your home screen.<br>- Widget themes: Simple, Clock, Hourly Graph, Daily Graph, Currently, Today, Hourly, Daily.<br><br><strong>NOTIFICATIONS</strong><br>- Push notification: Notifies the weather forecast for that day at the specified time.<br>- On-going notification: weather information up to 8 hours ahead, weekly weather, current weather.<br><br><strong>MARKETPLACE</strong><br>- You can post and sell your photos from Weawow&#39;s browser service.<br>- The posted photos are automatically displayed after being matched with the weather in the application as well.<br><a href=""https://www.google.com/url?q=https%3A%2F%2Fweawow.com%2Fmarketplace&amp;sa=D&amp;sntz=1&amp;usg=AOvVaw0hneouTMT-m-qsUyIVhyVM"">https://weawow.com/marketplace</a>",Weawow,"5,000,000+"
com.google.android.apps.weather,https://play-lh.googleusercontent.com/wi5wjHKkIyvp6K-Py9T9qsBGOKyamJgqunun3kAUhnZAzpesclGRXhYFjeYjaWx1ynA,Weather,2.86,Weather,0,True,USD,,,"Get the latest forecast with Pixel’s exclusive weather app. You can also:
  • See AI-generated overviews of the weather with helpful tips
  • Easily track weather in multiple locations
  • Get up-to-the-minute precipitation forecasts
  • See a precipitation map
  • Receive severe weather warnings
  • Enjoy AI generated weather backgrounds
  • Customization your experience
  • Set alarms to wake up to a weather forecast

  Feature availability may vary depending on your region, language, and device.","Get the latest forecast with Pixel’s exclusive weather app. You can also:<br>  • See AI-generated overviews of the weather with helpful tips<br>  • Easily track weather in multiple locations<br>  • Get up-to-the-minute precipitation forecasts<br>  • See a precipitation map<br>  • Receive severe weather warnings<br>  • Enjoy AI generated weather backgrounds<br>  • Customization your experience<br>  • Set alarms to wake up to a weather forecast<br><br>  Feature availability may vary depending on your region, language, and device.",Google LLC,1+
com.windyty.android,https://play-lh.googleusercontent.com/qXBOdC6WVNPPZso8m5_Z_lCiNTG130ZwHAumXlLpF5r9yaPYICJw9tGGtPt5v9yh35E,Windy.com - Weather Forecast,4.7240963,Weather,0,True,USD,,,"Windy.com is an extraordinary tool for weather forecast visualization. It’s fast, intuitive, detailed and most accurate weather app trusted by professional pilots, paragliders, skydivers, kiters, surfers, boaters, fishermen, storm chasers and weather geeks, and even by governments, army staffs and rescue teams.

Whether you are tracking a tropical storm or potential severe weather, planning a trip, pursuing your favourite outdoor sport, or you just need to know if it will rain this weekend, Windy provides you with the most up-to-date weather forecast around.

The uniqueness of Windy lies in the fact that it brings you better quality information than the other weather apps’ pro-features, while our product is absolutely free and even without ads.

Powerful, smooth and fluid presentation makes weather forecasting a real pleasure!

<h2><b>All forecast models at once</b></h2>
Windy brings you all the world’s leading weather forecasting models: global ECMWF, GFS and ICON plus local NEMS, AROME, UKV, ICON EU and ICON-D2 (for Europe). Furthermore NAM and HRRR (for the USA) and ACCESS (for Australia).

<h2><b>51 weather maps</b></h2>
From wind, rain, temperature and pressure to swell or CAPE index, with Windy you will have all convenient weather maps just at your fingertips. 

<h2><b>Satellite & Doppler radar</b></h2>
Global satellite composite is created from NOAA, EUMETSAT, and Himawari. The image frequency is 5-15 minutes based on area. Doppler radar covers large parts of Europe, America, Asia, and Australia.

<h2><b>Point of interests</b></h2>
Windy lets you display observed wind and temperature, forecasted weather, airports around the World, collection of 55 000 weather webcams and 1500+ paragliding spots right on the map.

<h2><b>Fully customizable</b></h2>
Add your favorite weather maps to quick menu, customize color palette on any layer, access advanced options in the settings. All that makes Windy the weather geek’s tool of choice.

<h2><b>Features and data sources</b></h2>
✅ All leading weather forecast models: ECMWF, GFS by NOAA, ICON and more
✅ Several local weather models NEMS, ICON EU and ICON-D2, AROME, NAM, HRRR, ACCESS
✅ High-Res satellite composite
✅ Forecast model comparison
✅ 51 global weather maps
✅ Weather radar for many world locations
✅ 16 altitude levels from the surface to 13.5km/FL450
✅ Metric or imperial units
✅ Detailed weather forecast for any location (temperature, rain and snow accumulation, wind speed, wind gusts and wind direction)
✅ Detailed Airgram and Meteogram
✅ Meteogram: temperature and dew point, wind speed and wind gusts, pressure, precipitation, altitude cloud cover
✅ Altitude and Time zone info, Sunrise and Sunset time for any location 
✅ Customizable list of Favorite spots (with the option to create mobile or e-mail alerts for upcoming weather conditions)
✅ Nearby weather stations (Real-time observed weather - Reported wind direction, wind speed and temperature)
✅ 50k+ Airports searchable by ICAO and IATA, including runway info, decoded & raw METARs, TAF and NOTAMs
✅ 1500+ Paragliding spots
✅ Detailed wind and wave forecast for any kiting or surfing spot
✅ 55K Weather webcams
✅ Tide forecast 
✅ Topographic maps by Mapy.cz and Satellite imagery by Here Maps
✅ English + 40 other world languages
✅ Now with Wear OS application (Forecast, Radar, Tiles and Complication)
...and many more


<h2><b>Get in touch</b></h2> 💬
Join us at <a>community.windy.com</a> to discuss weather related topics or suggest new features.

Follow us on social media
• Facebook: <a>facebook.com/windyforecast</a>
• Twitter: <a>twitter.com/windycom</a>
• YouTube: <a>youtube.com</a>
• Instagram: <a>instagram.com/windy_forecast</a>","Windy.com is an extraordinary tool for weather forecast visualization. It’s fast, intuitive, detailed and most accurate weather app trusted by professional pilots, paragliders, skydivers, kiters, surfers, boaters, fishermen, storm chasers and weather geeks, and even by governments, army staffs and rescue teams.<br><br>Whether you are tracking a tropical storm or potential severe weather, planning a trip, pursuing your favourite outdoor sport, or you just need to know if it will rain this weekend, Windy provides you with the most up-to-date weather forecast around.<br><br>The uniqueness of Windy lies in the fact that it brings you better quality information than the other weather apps’ pro-features, while our product is absolutely free and even without ads.<br><br>Powerful, smooth and fluid presentation makes weather forecasting a real pleasure!<br><br><h2><b>All forecast models at once</b></h2><br>Windy brings you all the world’s leading weather forecasting models: global ECMWF, GFS and ICON plus local NEMS, AROME, UKV, ICON EU and ICON-D2 (for Europe). Furthermore NAM and HRRR (for the USA) and ACCESS (for Australia).<br><br><h2><b>51 weather maps</b></h2><br>From wind, rain, temperature and pressure to swell or CAPE index, with Windy you will have all convenient weather maps just at your fingertips. <br><br><h2><b>Satellite &amp; Doppler radar</b></h2><br>Global satellite composite is created from NOAA, EUMETSAT, and Himawari. The image frequency is 5-15 minutes based on area. Doppler radar covers large parts of Europe, America, Asia, and Australia.<br><br><h2><b>Point of interests</b></h2><br>Windy lets you display observed wind and temperature, forecasted weather, airports around the World, collection of 55 000 weather webcams and 1500+ paragliding spots right on the map.<br><br><h2><b>Fully customizable</b></h2><br>Add your favorite weather maps to quick menu, customize color palette on any layer, access advanced options in the settings. All that makes Windy the weather geek’s tool of choice.<br><br><h2><b>Features and data sources</b></h2><br>✅ All leading weather forecast models: ECMWF, GFS by NOAA, ICON and more<br>✅ Several local weather models NEMS, ICON EU and ICON-D2, AROME, NAM, HRRR, ACCESS<br>✅ High-Res satellite composite<br>✅ Forecast model comparison<br>✅ 51 global weather maps<br>✅ Weather radar for many world locations<br>✅ 16 altitude levels from the surface to 13.5km/FL450<br>✅ Metric or imperial units<br>✅ Detailed weather forecast for any location (temperature, rain and snow accumulation, wind speed, wind gusts and wind direction)<br>✅ Detailed Airgram and Meteogram<br>✅ Meteogram: temperature and dew point, wind speed and wind gusts, pressure, precipitation, altitude cloud cover<br>✅ Altitude and Time zone info, Sunrise and Sunset time for any location <br>✅ Customizable list of Favorite spots (with the option to create mobile or e-mail alerts for upcoming weather conditions)<br>✅ Nearby weather stations (Real-time observed weather - Reported wind direction, wind speed and temperature)<br>✅ 50k+ Airports searchable by ICAO and IATA, including runway info, decoded &amp; raw METARs, TAF and NOTAMs<br>✅ 1500+ Paragliding spots<br>✅ Detailed wind and wave forecast for any kiting or surfing spot<br>✅ 55K Weather webcams<br>✅ Tide forecast <br>✅ Topographic maps by Mapy.cz and Satellite imagery by Here Maps<br>✅ English + 40 other world languages<br>✅ Now with Wear OS application (Forecast, Radar, Tiles and Complication)<br>...and many more<br><br><br><h2><b>Get in touch</b></h2> 💬<br>Join us at <a>community.windy.com</a> to discuss weather related topics or suggest new features.<br><br>Follow us on social media<br>• Facebook: <a>facebook.com/windyforecast</a><br>• Twitter: <a>twitter.com/windycom</a><br>• YouTube: <a>youtube.com</a><br>• Instagram: <a>instagram.com/windy_forecast</a>",Windyty SE,"50,000,000+"
mobi.lockdown.weather,https://play-lh.googleusercontent.com/8kGKFz-24YUHiZXcmu7c7D4C2LfOFYVXXThzPXMkEQievXpyODFJ2HY0qUvgkSoP5vo,Today Weather:Data by NOAA/NWS,4.5367265,Weather,0,True,USD,,,"<b>Today Weather</b> is a beautiful & simple-to-use weather app that provides the world's most accurate local weather forecasts. 

<b>Features:</b>
● Global weather data sources: Apple WeatherKit, Accuweather.com, Dark Sky, Weatherbit.io, OpenWeatherMap, Foreca.com, Here.com, Open-Meteo.com, Visual Crossing Weather, etc.
● Separated data sources for each country: Weather.gov (U.S. National Weather Service), UK Met Office, ECMWF (European Centre for Medium-Range Weather Forecasts), Weather.gc.ca (Canada's official weather source), Dwd.de (Germany's Meteorological Service), Aemet.es (The State Meteorological Agency of Spain), Meteofrance.com (METEO FRANCE SERVICES), Bom.gov.au (Australia's official weather forecasts), Smhi.se (Swedish Meteorological), Dmi.dk (Danish Meteorological Institute), Yr.no (The Norwegian Meteorological Institute), Met.ie (The Irish National Meteorological Service), MeteoSwiss.
● Personalize your phone/tablet with the coolest and fully customizable widgets.
● Easy to view weather information anywhere in the world.
● Prepare for anything with 24/7 weather forecast and chance of rain.
● Protect your health with air quality, UV index and pollen count.
● Catch the beautiful moments of sunrise, sunset, full moon night with provided information.
● <b>Severe Weather Warnings:</b> Receive timely alerts for severe weather, helping you stay safe and prepared.
● Radar: A weather radar is used to locate precipitation, calculate its motion, estimate its type (rain, snow, hail, etc.), and forecast its future position and intensity.
● Rain, snow alarm: Alerts you when rain is approaching.
● Take and share photo with weather information for friend.
● Daily weather forecast notification.
● Other useful information: actual temperature, humidity, visibility, dew point, air pressure, wind speed and direction.

<b>Widgets:</b>
● Enhance your home screen with beautifully designed, highly functional weather widgets. Explore options like clock weather widgets, radar widgets, detailed weather charts, and the stylish HTC clock weather widget for a personalized experience..
● Make it truly yours: Customize every detail, from background colors to text styles and icons, for a personalized look that matches your style.

<b>Share weather photos with users around the world:</b>
● If you’re a person who likes to travel, take photos and share them with everyone, this feature is very useful for you. It helps you to store photos of the places you’ve been to and these photos will be shared with other users who come to these places.
● You can see photos of the weather around you or places you're going to.
● Let's share your beautiful weather photos with us!

<b>Wear OS:</b>
● Wear OS is a streamlined version of the app, and contains only the most important features from the weather service. Search for locations around the world and get a weather forecast for the coming days.
● Weather tile and complication.

Thanks so much for trying Today Weather! Don't hesitate to shoot us a note at todayweather.co@gmail.com if you have any questions.","<b>Today Weather</b> is a beautiful &amp; simple-to-use weather app that provides the world&#39;s most accurate local weather forecasts. <br><br><b>Features:</b><br>● Global weather data sources: Apple WeatherKit, Accuweather.com, Dark Sky, Weatherbit.io, OpenWeatherMap, Foreca.com, Here.com, Open-Meteo.com, Visual Crossing Weather, etc.<br>● Separated data sources for each country: Weather.gov (U.S. National Weather Service), UK Met Office, ECMWF (European Centre for Medium-Range Weather Forecasts), Weather.gc.ca (Canada&#39;s official weather source), Dwd.de (Germany&#39;s Meteorological Service), Aemet.es (The State Meteorological Agency of Spain), Meteofrance.com (METEO FRANCE SERVICES), Bom.gov.au (Australia&#39;s official weather forecasts), Smhi.se (Swedish Meteorological), Dmi.dk (Danish Meteorological Institute), Yr.no (The Norwegian Meteorological Institute), Met.ie (The Irish National Meteorological Service), MeteoSwiss.<br>● Personalize your phone/tablet with the coolest and fully customizable widgets.<br>● Easy to view weather information anywhere in the world.<br>● Prepare for anything with 24/7 weather forecast and chance of rain.<br>● Protect your health with air quality, UV index and pollen count.<br>● Catch the beautiful moments of sunrise, sunset, full moon night with provided information.<br>● <b>Severe Weather Warnings:</b> Receive timely alerts for severe weather, helping you stay safe and prepared.<br>● Radar: A weather radar is used to locate precipitation, calculate its motion, estimate its type (rain, snow, hail, etc.), and forecast its future position and intensity.<br>● Rain, snow alarm: Alerts you when rain is approaching.<br>● Take and share photo with weather information for friend.<br>● Daily weather forecast notification.<br>● Other useful information: actual temperature, humidity, visibility, dew point, air pressure, wind speed and direction.<br><br><b>Widgets:</b><br>● Enhance your home screen with beautifully designed, highly functional weather widgets. Explore options like clock weather widgets, radar widgets, detailed weather charts, and the stylish HTC clock weather widget for a personalized experience..<br>● Make it truly yours: Customize every detail, from background colors to text styles and icons, for a personalized look that matches your style.<br><br><b>Share weather photos with users around the world:</b><br>● If you’re a person who likes to travel, take photos and share them with everyone, this feature is very useful for you. It helps you to store photos of the places you’ve been to and these photos will be shared with other users who come to these places.<br>● You can see photos of the weather around you or places you&#39;re going to.<br>● Let&#39;s share your beautiful weather photos with us!<br><br><b>Wear OS:</b><br>● Wear OS is a streamlined version of the app, and contains only the most important features from the weather service. Search for locations around the world and get a weather forecast for the coming days.<br>● Weather tile and complication.<br><br>Thanks so much for trying Today Weather! Don&#39;t hesitate to shoot us a note at todayweather.co@gmail.com if you have any questions.",todayweather.co,"1,000,000+"
de.wetteronline.wetterapp,https://play-lh.googleusercontent.com/GH23d7lG4YP8DFf08LsJnLwL6KrHEZ2cwcoJO0ytWoYV5NJuEvG8pLBdWRo4tq59Ww,Weather & Radar - Storm radar,4.5548215,Weather,0,True,USD,https://www.youtube.com/embed/sWW_opBDlz4?ps=play&vq=large&rel=0&autohide=1&showinfo=0,https://i.ytimg.com/vi/sWW_opBDlz4/hqdefault.jpg,"<b>Get everything you need to stay weather-ready with your free Weather & Radar app:</b>

•	Accurate hourly and daily weather forecast
•	Innovative all-in-one weather maps  
•	Rain radar, snow radar, wind radar, lightning radar  
•	Android Auto compatible
•	Weather alerts, rain and thunderstorm tracker
•      Local air quality forecasts (AQI)
•	Detailed ski reports
•	Expert weather news and videos 
•	Weather widget

🌞 <b>Weather App</b>
Be ready for everything with Weather & Radar’s app, with accurate current conditions, forecasts and storm alerts at your exact location in the US and around the world.

🌦 <b>Weather Forecast</b>
Local, national and global rain, snow, temperature and wind maps. Get free, detailed hourly and daily forecasts, including for feels-like temperature, UV index and rain amounts. Plan ahead with the 14-day forecast trend.  

🚗 <b>Android Auto Compatible</b>
Know what to expect on the road by checking the WeatherRadar and RainfallRadar as you travel using Weather & Radar on Android Auto. See rain, snow, and thunderstorms in the immediate area and drive safe.

☔ <b>Weather Map</b>
Discover our industry-leading all-in-one weather radar, helping you to track rain, snow and storms coming your way. The enhanced weather maps allow you to view real-time and future weather conditions down to city and county level. Track lightning strikes in real-time when thunderstorms approach your location.

🌩 <b>Weather Alerts</b>
Using the latest weather modelling and storm tracking technology, our weather alert service will always keep you updated about dangerous severe weather, snow, ice and hurricane threats in or close to your area.

📰 <b>Weather News</b>
Go beyond the forecast! Our team of expert meteorologists will bring you weather, climate and environment news, including in-depth analysis, videos and live coverage of high impact weather events, 24/7. From hurricanes to tornadoes and flash floods, we have got you covered!

🌊  <b>Coastal Conditions</b>
You can rely on Weather & Radar's free app to get the latest lake and ocean temperatures as well as frequently updated beach and nearshore weather, wind, wave and tide conditions.  

⛈️ <b>90-Minute Trend</b>
Our 90-minute nowcast gives you all the time-critical data you need, using a blend of local observations and high-resolution forecast models to pinpoint the movement and timing of rain or storms around your location. 

🌎 <b>World Weather</b>
Save any location and see current conditions for any number of global locations in our weather app. Global weather and radar at your fingertips! 

Use the weather app free of advertising with the in-app purchase and personalize your main page! 

Should you have any queries or comments, kindly contact us at info@weatherandradar.com","<b>Get everything you need to stay weather-ready with your free Weather &amp; Radar app:</b><br><br>•	Accurate hourly and daily weather forecast<br>•	Innovative all-in-one weather maps  <br>•	Rain radar, snow radar, wind radar, lightning radar  <br>•	Android Auto compatible<br>•	Weather alerts, rain and thunderstorm tracker<br>•      Local air quality forecasts (AQI)<br>•	Detailed ski reports<br>•	Expert weather news and videos <br>•	Weather widget<br><br>🌞 <b>Weather App</b><br>Be ready for everything with Weather &amp; Radar’s app, with accurate current conditions, forecasts and storm alerts at your exact location in the US and around the world.<br><br>🌦 <b>Weather Forecast</b><br>Local, national and global rain, snow, temperature and wind maps. Get free, detailed hourly and daily forecasts, including for feels-like temperature, UV index and rain amounts. Plan ahead with the 14-day forecast trend.  <br><br>🚗 <b>Android Auto Compatible</b><br>Know what to expect on the road by checking the WeatherRadar and RainfallRadar as you travel using Weather &amp; Radar on Android Auto. See rain, snow, and thunderstorms in the immediate area and drive safe.<br><br>☔ <b>Weather Map</b><br>Discover our industry-leading all-in-one weather radar, helping you to track rain, snow and storms coming your way. The enhanced weather maps allow you to view real-time and future weather conditions down to city and county level. Track lightning strikes in real-time when thunderstorms approach your location.<br><br>🌩 <b>Weather Alerts</b><br>Using the latest weather modelling and storm tracking technology, our weather alert service will always keep you updated about dangerous severe weather, snow, ice and hurricane threats in or close to your area.<br><br>📰 <b>Weather News</b><br>Go beyond the forecast! Our team of expert meteorologists will bring you weather, climate and environment news, including in-depth analysis, videos and live coverage of high impact weather events, 24/7. From hurricanes to tornadoes and flash floods, we have got you covered!<br><br>🌊  <b>Coastal Conditions</b><br>You can rely on Weather &amp; Radar&#39;s free app to get the latest lake and ocean temperatures as well as frequently updated beach and nearshore weather, wind, wave and tide conditions.  <br><br>⛈️ <b>90-Minute Trend</b><br>Our 90-minute nowcast gives you all the time-critical data you need, using a blend of local observations and high-resolution forecast models to pinpoint the movement and timing of rain or storms around your location. <br><br>🌎 <b>World Weather</b><br>Save any location and see current conditions for any number of global locations in our weather app. Global weather and radar at your fingertips! <br><br>Use the weather app free of advertising with the in-app purchase and personalize your main page! <br><br>Should you have any queries or comments, kindly contact us at info@weatherandradar.com",WetterOnline GmbH,"100,000,000+"
aplicacionpago.tiempo,https://play-lh.googleusercontent.com/bD2plXcpzlbMazBXbd2ynaDTa2uz4_AQJYvyZdbTCJ4VbL_3z8qtDigjUt5KPhBKI6Q,Weather - Meteored Pro News,4.64951,Weather,19.99,False,USD,,,"<b>Meteored - Pro Version</b>

You get everything available in the free version plus:
✅ No more ads.
✅ Standalone App. Pay only once and keep it forever.
✅ Choose which information you want to see on your main screen.
✅ Unlocked Color Themes.
✅ Save up to triple as many locations.


★ ⚠️ ALERTS AND NOTIFICATIONS ★
With our  weather app you receive <b>official weather alerts</b> and live radar alerts for your area from the National Weather Service, including warnings about storms, strong winds,<b>hurricanes, tropical storms </b> and other adverse weather events forecast for the next few hours. In addition, our optimal app <b>Assistant</b> can notify you about important weather changes in the coming days.

★ 🌀 REALTIME RADAR, FORECAST MAPS AND SATELLITES 📡 ★
Now available! A new animated world weather map based on the <b>ECMWF</b> showing the weather forecast for the coming days. Enjoy our <b>live radar</b> service and also our <b>hurricane tracker and storm</b>, access animated weather radar of the last few hours provided by the NWS along with visible and infrared satellite images provided by NOAA.

★ WEATHER NEWS ★
Check the new section of our news to be up to date of the latest weather events. Be informed about trending topics and the most recent forecast. Furthermore, you can watch impactating videos about severe weather in some places of the world and, last but no least, you will learn about the weather phenomena thanks to our science articles, made by our experts in meteorology.

★ CUSTOMIZATION ★
Unlock new <b>Color Themes</b> by completing our in app <b>Achievements</b> designed to help you make the most of the app by discovering all the available features. Remember, the application automatically changes color when the temperature changes!

★ WEATHER FORECAST ★
Check the current conditions along with the weather forecast for the next 14 days with a simple slide of your finger. Select a day to view detailed hourly information including heat index or temperature, precipitation, wind speed and direction, wind chill, pressure, cloudiness, humidity, UV index, sunset and sunrise times and even the phase of the moon. Turn your device sideways to see how the weather local will evolve throughout the day with our amazing graphics.

★ WIDGETS ★
You can customize your desktop with the most modern widgets currently available. You will have access to up to 8 widgets with different sizes and weather data, where you can check your local weather forecast.

★ SHARE ★
Share weather forecasts with your friends and family anytime you want with whatever device or social network you like to use such as: WhatsApp, Twitter or Facebook.

★ AVAILABILITY ★
Find the forecast most relevant to your exact current location or search for your favorite locations from over 6,000,000 all around the world. Available in over 50 countries and 20 languages.

This app collects location data to enable weather forecasts, weather alerts, temperature in the notification bar, widgets and notifications about important events, for the location where currently you are.

★ Meteored - Passion for the weather, enjoy it with us ★
Like most important projects, Meteored is made possible by the amazing human team behind it. 

<a href=""https://www.google.com/url?q=https%3A%2F%2Fwww.theweather.com%2Fabout-us&sa=D&sntz=1&usg=AOvVaw0_oedzpNUfufC-gHpLs5-6"">About US</a>
https://www.theweather.com/about-us


To use this app you must agree to the privacy policy, as well as the terms and conditions of Meteored.

<a href=""https://www.google.com/url?q=https%3A%2F%2Fwww.theweather.com%2Fprivacy.html&sa=D&sntz=1&usg=AOvVaw3kGFCK3Til_baQGZHI9zCZ"">Privacy Policy</a>

https://www.theweather.com/privacy.html

<a href=""https://www.google.com/url?q=https%3A%2F%2Fwww.theweather.com%2Flegal_notice.html&sa=D&sntz=1&usg=AOvVaw07GZ6MToKZMTBXv1fGqDqq"">Legal notice</a>

https://www.theweather.com/legal_notice.html","<b>Meteored - Pro Version</b><br><br>You get everything available in the free version plus:<br>✅ No more ads.<br>✅ Standalone App. Pay only once and keep it forever.<br>✅ Choose which information you want to see on your main screen.<br>✅ Unlocked Color Themes.<br>✅ Save up to triple as many locations.<br><br><br>★ ⚠️ ALERTS AND NOTIFICATIONS ★<br>With our  weather app you receive <b>official weather alerts</b> and live radar alerts for your area from the National Weather Service, including warnings about storms, strong winds,<b>hurricanes, tropical storms </b> and other adverse weather events forecast for the next few hours. In addition, our optimal app <b>Assistant</b> can notify you about important weather changes in the coming days.<br><br>★ 🌀 REALTIME RADAR, FORECAST MAPS AND SATELLITES 📡 ★<br>Now available! A new animated world weather map based on the <b>ECMWF</b> showing the weather forecast for the coming days. Enjoy our <b>live radar</b> service and also our <b>hurricane tracker and storm</b>, access animated weather radar of the last few hours provided by the NWS along with visible and infrared satellite images provided by NOAA.<br><br>★ WEATHER NEWS ★<br>Check the new section of our news to be up to date of the latest weather events. Be informed about trending topics and the most recent forecast. Furthermore, you can watch impactating videos about severe weather in some places of the world and, last but no least, you will learn about the weather phenomena thanks to our science articles, made by our experts in meteorology.<br><br>★ CUSTOMIZATION ★<br>Unlock new <b>Color Themes</b> by completing our in app <b>Achievements</b> designed to help you make the most of the app by discovering all the available features. Remember, the application automatically changes color when the temperature changes!<br><br>★ WEATHER FORECAST ★<br>Check the current conditions along with the weather forecast for the next 14 days with a simple slide of your finger. Select a day to view detailed hourly information including heat index or temperature, precipitation, wind speed and direction, wind chill, pressure, cloudiness, humidity, UV index, sunset and sunrise times and even the phase of the moon. Turn your device sideways to see how the weather local will evolve throughout the day with our amazing graphics.<br><br>★ WIDGETS ★<br>You can customize your desktop with the most modern widgets currently available. You will have access to up to 8 widgets with different sizes and weather data, where you can check your local weather forecast.<br><br>★ SHARE ★<br>Share weather forecasts with your friends and family anytime you want with whatever device or social network you like to use such as: WhatsApp, Twitter or Facebook.<br><br>★ AVAILABILITY ★<br>Find the forecast most relevant to your exact current location or search for your favorite locations from over 6,000,000 all around the world. Available in over 50 countries and 20 languages.<br><br>This app collects location data to enable weather forecasts, weather alerts, temperature in the notification bar, widgets and notifications about important events, for the location where currently you are.<br><br>★ Meteored - Passion for the weather, enjoy it with us ★<br>Like most important projects, Meteored is made possible by the amazing human team behind it. <br><br><a href=""https://www.google.com/url?q=https%3A%2F%2Fwww.theweather.com%2Fabout-us&amp;sa=D&amp;sntz=1&amp;usg=AOvVaw0_oedzpNUfufC-gHpLs5-6"">About US</a><br>https://www.theweather.com/about-us<br><br><br>To use this app you must agree to the privacy policy, as well as the terms and conditions of Meteored.<br><br><a href=""https://www.google.com/url?q=https%3A%2F%2Fwww.theweather.com%2Fprivacy.html&amp;sa=D&amp;sntz=1&amp;usg=AOvVaw3kGFCK3Til_baQGZHI9zCZ"">Privacy Policy</a><br><br>https://www.theweather.com/privacy.html<br><br><a href=""https://www.google.com/url?q=https%3A%2F%2Fwww.theweather.com%2Flegal_notice.html&amp;sa=D&amp;sntz=1&amp;usg=AOvVaw07GZ6MToKZMTBXv1fGqDqq"">Legal notice</a><br><br>https://www.theweather.com/legal_notice.html",Meteored,"100,000+"
com.miui.weather2,https://play-lh.googleusercontent.com/sAZ2AZ16r5ThHiYCTWg8x1UUNQOhsxexRaDrDZKDlUy1hoZlggen6QogpJmQk8BwmgI,Weather - By Xiaomi,4.1583133,Weather,0,True,USD,,,"<b>See details on today’s weather update.</b>
- Get updated with current temperature, rain forecast, and Air Quality Index (AQI) data in a single view. 
- Minimum and maximum temperatures of the day
- Alerts for AQI and important Weather activities


<b>App Interface changes as per weather outside.</b>
- Easily visualise the weather in your area with the Dynamic UI which changes as per the weather conditions outside.


<b>Add multiple cities.</b>
- Planning a trip, want to see the weather in your hometown, want to check weather conditions in cities where your family members live ? Just add any city in the world and see the live weather for that city
- Add up to 10 cities.
- View all cities in a single screen to compare weather in multiple cities


<b>Air Quality Index (AQI) value and useful suggestions as per pollution level.</b>
- See the Air Quality Index (AQI) value in your area and get AQI alerts.
- Know about the individual pollutants levels
- Get suggestions and insights based on the current pollution level in your area to help you understand the meaning of various Air Quality Index (AQI) related terms and reduce the impact of pollution in your life


<b>5 day Weather forecast.</b>
- Be prepared for the week with the weather forecast for the next 5 days with information on:
  - Minimum and maximum temperatures 
  - Wind Speed and direction
  - Rain Forecast
 

<b>Hourly weather updates.</b>
- See hourly updates for the weather with temperature, wind speed
- Useful Widgets to see important information on your homescreen


<b>Other features:</b>
- Sunrise sunset timings
- Rain forecast
- Fog forecast
- Wind speed and direction updates
- Real Feel temperature updates
- UV Index
- Atmospheric pressure","<b>See details on today’s weather update.</b><br>- Get updated with current temperature, rain forecast, and Air Quality Index (AQI) data in a single view. <br>- Minimum and maximum temperatures of the day<br>- Alerts for AQI and important Weather activities<br><br><br><b>App Interface changes as per weather outside.</b><br>- Easily visualise the weather in your area with the Dynamic UI which changes as per the weather conditions outside.<br><br><br><b>Add multiple cities.</b><br>- Planning a trip, want to see the weather in your hometown, want to check weather conditions in cities where your family members live ? Just add any city in the world and see the live weather for that city<br>- Add up to 10 cities.<br>- View all cities in a single screen to compare weather in multiple cities<br><br><br><b>Air Quality Index (AQI) value and useful suggestions as per pollution level.</b><br>- See the Air Quality Index (AQI) value in your area and get AQI alerts.<br>- Know about the individual pollutants levels<br>- Get suggestions and insights based on the current pollution level in your area to help you understand the meaning of various Air Quality Index (AQI) related terms and reduce the impact of pollution in your life<br><br><br><b>5 day Weather forecast.</b><br>- Be prepared for the week with the weather forecast for the next 5 days with information on:<br>  - Minimum and maximum temperatures <br>  - Wind Speed and direction<br>  - Rain Forecast<br> <br><br><b>Hourly weather updates.</b><br>- See hourly updates for the weather with temperature, wind speed<br>- Useful Widgets to see important information on your homescreen<br><br><br><b>Other features:</b><br>- Sunrise sunset timings<br>- Rain forecast<br>- Fog forecast<br>- Wind speed and direction updates<br>- Real Feel temperature updates<br>- UV Index<br>- Atmospheric pressure",Xiaomi Inc.,"1,000,000,000+"
live.weather.vitality.local.channel.forecast,https://play-lh.googleusercontent.com/GwtIhyljbF7CZekbfQdY_9KiYc1wZJdKCXozw0USJjuw-DVa-Ku4igNp9wY4rGCCp1o,Local Weather Forecast - Radar,4.8872404,Weather,0,True,USD,,,"This free weather app offers all the features: weather forecast for current location, manually added city weather forecast, weather forecast for up to 120 hours, weather forecast for up to 45 days, advanced rainfall forecast accurate to the minute, multiple types of weather radar, timely weather alerts, various styles of weather widgets, custom notification bar, beautiful themes, colorful weather background.

——— Main Features ———

☀️Realtime local weather
- After the user allows the weather forecast application to obtain the location permission, it will automatically track your location information and accurately display the real-time weather forecast.
- If you don't want to give the app location permission, you can manually search and add any city to the city list to view the real-time weather information of the city.
- Includes real-time weather conditions, temperature, pressure, pollen count, precipitation, UV index, humidity, visibility, sunrise and sunset.

❄️Hourly / Daily Forecast
-  Get real-time weather forecast, temperature information, air quality pollution index, and weather briefing for your current location
- Detailed weather information for the next 25 days, precipitation, precipitation probability, wind direction, temperature, temperature change trend, air quality forecast, and an overview of weather information for each day
- 24-hour weather forecast, comfort index, pollen index, allergy index, UV index, wind level, wind direction

🌪 Air quality forecast
- Query hourly air quality and air pollution, PM2.5 index and AQI index information in the next 5 days
- Real-time monitoring of air quality, care for health and comprehensive escort

💦Meteorological disaster warning
Timely reminder of abnormal weather conditions to help you take precautions in time

🌦Weather & Clock Widgets
 - Support for Widgets of various sizes 
 - Provide a variety of different sizes of desktop weather themes, you can check the weather when you open your phone

 🌏 Weather radar map
- Live weather radar with animated maps
- Weather maps enabled with GPS, live radar, temperature radar, rain radar, wind radar, atmospheric pressure radar, etc.
- A clear radar chart shows precipitation trends, providing accurate weather forecast trends to protect your travel

⚙️ Customize weather channels and unit settings
 - Local Conditions: Access to local weather conditions, weather report
 - Weather Widgets: Beautiful background picture and Choose a different city
 - Temperature Unit: Fahrenheit (° F) or Celsius (° C)
 - Wind Speed Unit: m / s, mph, km / h
 - Date format: yyyy/mm/dd,  dd/mm/yyyy, mm/dd/yyyy
 - Hour format: 12-hour, 24-hour
 - Pressure: bar, hPa, mmHg, atm

🌇 Sunrise and sunset 

🏙️ City list for easy management and visual display
- The weather for cities you care about is displayed as a list. You can manually add, delete, adjust the order, and also set default cities and weather forecasts for notifications, widgets.
- Available in the world's most popular cities for travelers: Barcelona, Osaka,  Agra,  Los Angeles , Shanghai , Pattaya, Seoul,  Amsterdam, Miami, Mecca, Saudi Arabia, Prague,  Mumbai ,Taipei,  Antalya , Rome ,Tokyo , New York City, Dubai, Paris,  Singapore , London, Bangkok , Hong Kong

🌐 Support multiple languages
  English,বাংলা,Dansk,Deutsch,Español,Français,हिंदी,Italiano,日本語,한국어,मराठी,Melayu,Nederlands,Norsk,Português,Svenska,தமிழ்,తెలుగు

🌈 Others 
 -  You can choose different notification bar styles, for example, display 24-hour weather on the notification bar, or seven-day weather information, or only display the current weather information
 -  Support manual search for global city weather information
 -  Support users to select the city to display from the map 

 
  Welcome to download this completely free professional accurate weather forecast application. 
  If you have any questions during use, please give us feedback.
Email: vitalityappstudios@gmail.com","This free weather app offers all the features: weather forecast for current location, manually added city weather forecast, weather forecast for up to 120 hours, weather forecast for up to 45 days, advanced rainfall forecast accurate to the minute, multiple types of weather radar, timely weather alerts, various styles of weather widgets, custom notification bar, beautiful themes, colorful weather background.<br><br>——— Main Features ———<br><br>☀️Realtime local weather<br>- After the user allows the weather forecast application to obtain the location permission, it will automatically track your location information and accurately display the real-time weather forecast.<br>- If you don&#39;t want to give the app location permission, you can manually search and add any city to the city list to view the real-time weather information of the city.<br>- Includes real-time weather conditions, temperature, pressure, pollen count, precipitation, UV index, humidity, visibility, sunrise and sunset.<br><br>❄️Hourly / Daily Forecast<br>-  Get real-time weather forecast, temperature information, air quality pollution index, and weather briefing for your current location<br>- Detailed weather information for the next 25 days, precipitation, precipitation probability, wind direction, temperature, temperature change trend, air quality forecast, and an overview of weather information for each day<br>- 24-hour weather forecast, comfort index, pollen index, allergy index, UV index, wind level, wind direction<br><br>🌪 Air quality forecast<br>- Query hourly air quality and air pollution, PM2.5 index and AQI index information in the next 5 days<br>- Real-time monitoring of air quality, care for health and comprehensive escort<br><br>💦Meteorological disaster warning<br>Timely reminder of abnormal weather conditions to help you take precautions in time<br><br>🌦Weather &amp; Clock Widgets<br> - Support for Widgets of various sizes <br> - Provide a variety of different sizes of desktop weather themes, you can check the weather when you open your phone<br><br> 🌏 Weather radar map<br>- Live weather radar with animated maps<br>- Weather maps enabled with GPS, live radar, temperature radar, rain radar, wind radar, atmospheric pressure radar, etc.<br>- A clear radar chart shows precipitation trends, providing accurate weather forecast trends to protect your travel<br><br>⚙️ Customize weather channels and unit settings<br> - Local Conditions: Access to local weather conditions, weather report<br> - Weather Widgets: Beautiful background picture and Choose a different city<br> - Temperature Unit: Fahrenheit (° F) or Celsius (° C)<br> - Wind Speed Unit: m / s, mph, km / h<br> - Date format: yyyy/mm/dd,  dd/mm/yyyy, mm/dd/yyyy<br> - Hour format: 12-hour, 24-hour<br> - Pressure: bar, hPa, mmHg, atm<br><br>🌇 Sunrise and sunset <br><br>🏙️ City list for easy management and visual display<br>- The weather for cities you care about is displayed as a list. You can manually add, delete, adjust the order, and also set default cities and weather forecasts for notifications, widgets.<br>- Available in the world&#39;s most popular cities for travelers: Barcelona, Osaka,  Agra,  Los Angeles , Shanghai , Pattaya, Seoul,  Amsterdam, Miami, Mecca, Saudi Arabia, Prague,  Mumbai ,Taipei,  Antalya , Rome ,Tokyo , New York City, Dubai, Paris,  Singapore , London, Bangkok , Hong Kong<br><br>🌐 Support multiple languages<br>  English,বাংলা,Dansk,Deutsch,Español,Français,हिंदी,Italiano,日本語,한국어,मराठी,Melayu,Nederlands,Norsk,Português,Svenska,தமிழ்,తెలుగు<br><br>🌈 Others <br> -  You can choose different notification bar styles, for example, display 24-hour weather on the notification bar, or seven-day weather information, or only display the current weather information<br> -  Support manual search for global city weather information<br> -  Support users to select the city to display from the map <br><br> <br>  Welcome to download this completely free professional accurate weather forecast application. <br>  If you have any questions during use, please give us feedback.<br>Email: vitalityappstudios@gmail.com",Vitality App Studios,"5,000,000+"
cz.ackee.ventusky,https://play-lh.googleusercontent.com/utgUoNCe0j3qP3IRL-QLBvKywi12eN5cuVDW4pCecw5TGVsEaxPzw112Dwz-5plKeQ,Ventusky: Weather & Live Radar,4.09,Weather,0,True,USD,,,"Ventusky All-in-One Weather is a fusion of 20+ of the world's best models, live radar, satellite and 40,000+ webcams, delivering industry-leading accuracy for planning everything from morning jogs to transatlantic flights.

WE BRING A UNIQUE SET OF FEATURES LIKE:
- Hyperlocal 14-days weather forecast with up to hourly resolution
- 80+ weather maps
- Live radar and lightnings detection
- 40,000+ worldwide webcam coverage
- Widgets with forecasts, webcams, or radar
- Integration with Wear OS
- 3D interactive globe
- Customizable push notifications for: wind, waves, freezing rain, pressure, lightning strikes, umbrella reminder or morning/evening summary.
- Professional features like isolines or weather fronts
- Dual wind animations for 2 different altitudes
- Extensive air quality information
- Hurricane and storm tracking - compare tracks from multiple models and stay safe

Use Ventusky everyday to plan your activities and stay ahead of the weather:
 
1) Joggers & Outdoor Athletes: Plan with Microscale Precision
For runners, cyclists, and hikers, Ventusky provides updates critical for avoiding sudden weather shifts.
Hyperlocal Wind Gust Maps: Visualize wind speed changes at high resolution, ideal for route planning in mountainous regions.
Lightning Strike Alerts: Receive push notifications for strikes within selected distance, synced to wearable device haptics for hands-free safety.
Feels-Like Temperature: Combines humidity, wind chill, and solar radiation to advise on heatstroke risks during summer runs.
 
2) Vacation Planners: Verify Conditions in Real Time
Travelers leverage global webcam network and 14-day forecasts to optimize itineraries.
Live Cams: Compare real-time footage from 40K+ coastal, ski resort, and urban cameras to assess conditions before departure.
Tropical Storm Preparedness: Track hurricanes predicting storm paths and landfall in advance.
Air Quality Indexes: Plan trips using SILAM model data on PM2.5, NO2, ozone levels and more.
 
3) Meteorologists & Professionals: Industrial-Grade Tools
Ventusky serves as a field toolkit for pilots, sailors, and researchers needing altitude-stratified data:
Aviation Wind Layers: Animate wind patterns at 16 altitudes (0m–13km) for flight path optimization.
Marine Forecasting: Access ocean current models and surge predictions for offshore operations.
Agricultural Planning: Display the monthly anomaly in precipitation in easy to use map.
 
MULTI-MODEL FUSION FOR UNMATCHED ACCURACY
Why Does Ventusky Outperform Competitors? Ventusky’s algorithms integrate data from the world’s most advanced numerical weather prediction (NWP) systems, each renowned for specialized applications. In addition to the well-known ECMWF and GFS models, it also displays data from the German ICON model, which stands out for its high resolution covering the entire world. A wide range of high-precision local models is available. Some are updated as frequently as every 10 minutes based on radar and satellite readings, providing highly accurate real-time precipitation data. Ventusky automatically selects the most precise model for your location, but you can also compare them yourself.
 
LIST OF WEATHER LAYERS:
Temperature (16 altitude levels)
Feels like temperature
Precipitation (1 hour, 3 hours, cumulated, monthly anomaly, Freezing rain, Rain, Snow)
Radar and lightnings
Satellite
Wind gusts
Air Quality (PM2.5, PM10, NO2, SO2, O3, CO, Dust, AQI)
Probability of Aurora

LIST OF WEATHER LAYERS (PREMIUM)
Cloud coverage (High, Mid, Low, Base, Total cover, Fog)
Wind speed (16 altitude levels)
Air pressure
Thunderstorms (CAPE, CAPE*SHEAR, Wind shear, CIN, Lifted index, Helicity)
Sea (Significant, wind and swell waves period and height, Currents, Tidal currents, Tide, surge)
Humidity (4 altitude levels)
Dew Point
Snow cover (Total, New)
Freezing level
Visibility

The app is completely free of ads or tracking scripts. Do you have questions or suggestions? Visit my.ventusky.com.","Ventusky All-in-One Weather is a fusion of 20+ of the world&#39;s best models, live radar, satellite and 40,000+ webcams, delivering industry-leading accuracy for planning everything from morning jogs to transatlantic flights.<br><br>WE BRING A UNIQUE SET OF FEATURES LIKE:<br>- Hyperlocal 14-days weather forecast with up to hourly resolution<br>- 80+ weather maps<br>- Live radar and lightnings detection<br>- 40,000+ worldwide webcam coverage<br>- Widgets with forecasts, webcams, or radar<br>- Integration with Wear OS<br>- 3D interactive globe<br>- Customizable push notifications for: wind, waves, freezing rain, pressure, lightning strikes, umbrella reminder or morning/evening summary.<br>- Professional features like isolines or weather fronts<br>- Dual wind animations for 2 different altitudes<br>- Extensive air quality information<br>- Hurricane and storm tracking - compare tracks from multiple models and stay safe<br><br>Use Ventusky everyday to plan your activities and stay ahead of the weather:<br> <br>1) Joggers &amp; Outdoor Athletes: Plan with Microscale Precision<br>For runners, cyclists, and hikers, Ventusky provides updates critical for avoiding sudden weather shifts.<br>Hyperlocal Wind Gust Maps: Visualize wind speed changes at high resolution, ideal for route planning in mountainous regions.<br>Lightning Strike Alerts: Receive push notifications for strikes within selected distance, synced to wearable device haptics for hands-free safety.<br>Feels-Like Temperature: Combines humidity, wind chill, and solar radiation to advise on heatstroke risks during summer runs.<br> <br>2) Vacation Planners: Verify Conditions in Real Time<br>Travelers leverage global webcam network and 14-day forecasts to optimize itineraries.<br>Live Cams: Compare real-time footage from 40K+ coastal, ski resort, and urban cameras to assess conditions before departure.<br>Tropical Storm Preparedness: Track hurricanes predicting storm paths and landfall in advance.<br>Air Quality Indexes: Plan trips using SILAM model data on PM2.5, NO2, ozone levels and more.<br> <br>3) Meteorologists &amp; Professionals: Industrial-Grade Tools<br>Ventusky serves as a field toolkit for pilots, sailors, and researchers needing altitude-stratified data:<br>Aviation Wind Layers: Animate wind patterns at 16 altitudes (0m–13km) for flight path optimization.<br>Marine Forecasting: Access ocean current models and surge predictions for offshore operations.<br>Agricultural Planning: Display the monthly anomaly in precipitation in easy to use map.<br> <br>MULTI-MODEL FUSION FOR UNMATCHED ACCURACY<br>Why Does Ventusky Outperform Competitors? Ventusky’s algorithms integrate data from the world’s most advanced numerical weather prediction (NWP) systems, each renowned for specialized applications. In addition to the well-known ECMWF and GFS models, it also displays data from the German ICON model, which stands out for its high resolution covering the entire world. A wide range of high-precision local models is available. Some are updated as frequently as every 10 minutes based on radar and satellite readings, providing highly accurate real-time precipitation data. Ventusky automatically selects the most precise model for your location, but you can also compare them yourself.<br> <br>LIST OF WEATHER LAYERS:<br>Temperature (16 altitude levels)<br>Feels like temperature<br>Precipitation (1 hour, 3 hours, cumulated, monthly anomaly, Freezing rain, Rain, Snow)<br>Radar and lightnings<br>Satellite<br>Wind gusts<br>Air Quality (PM2.5, PM10, NO2, SO2, O3, CO, Dust, AQI)<br>Probability of Aurora<br><br>LIST OF WEATHER LAYERS (PREMIUM)<br>Cloud coverage (High, Mid, Low, Base, Total cover, Fog)<br>Wind speed (16 altitude levels)<br>Air pressure<br>Thunderstorms (CAPE, CAPE*SHEAR, Wind shear, CIN, Lifted index, Helicity)<br>Sea (Significant, wind and swell waves period and height, Currents, Tidal currents, Tide, surge)<br>Humidity (4 altitude levels)<br>Dew Point<br>Snow cover (Total, New)<br>Freezing level<br>Visibility<br><br>The app is completely free of ads or tracking scripts. Do you have questions or suggestions? Visit my.ventusky.com.",Ventusky,"1,000,000+"
